Entity Name	Eligibility	Model_Of_Inheritance	Phenotypes	Comment	TANGO	NAT			
AARS1	1	autosomal recessive	Developmental and epileptic encephalopathy 29						
AARS2	1	BIALLELIC, autosomal or pseudoautosomal	Leukoencephalopathy with ovarian failure;General Leukodystrophy & Mitochondrial Leukoencephalopathy						
ABCA1	1	autosomal recessive	TANGIER DISEASE; TGD						
ABCA4	1	autosomal recessive	Stargardt disease, multiple other disease associations, ORPHA:827,ORPHA:791,OMIM:604116,ORPHA:1872,OMIM:601718,OMIM:153800,OMIM:248200	progressive					
ABCA7	1	autosomal dominant	{Alzheimer disease 9, susceptibility to}, ORPHA:1020  Early-onset autosomal dominant Alzheimer disease ORPHA:1020,OMIM:608907	progressive CAVE: susceptibility					
ABCD1	1	X-LINKED: hemizygous mutation in males, biallelic mutations in females	Adrenoleukodystrophy, 300100; Adrenomyeloneuropathy, adult, 300100;X-Linked Adrenoleukodystrophy;Adrenoleukodystrophy, X-linked;Adrenoleukodystrophy						
ABHD12	1	BIALLELIC, autosomal or pseudoautosomal	Polyneuropathy, hearing loss, ataxia, retinitis pigmentosa, and cataract ;Polyneuropathy, Hearing Loss, Ataxia, Retinitis Pigmentosa and Cataract (PHARC) 	progression might be too slow					
ABHD16A	1	BIALLELIC, autosomal or pseudoautosomal	Spastic paraplegia;Intellectual disability						
ABHD5	1	BIALLELIC, autosomal or pseudoautosomal	Chanarin-Dorfman syndrome, 275630;CHANARIN-DORFMAN SYNDROME (CDS)	neurologic deterioration in autosomal recessive disorder					
ACADS	1	BIALLELIC, autosomal or pseudoautosomal	Acyl-CoA dehydrogenase, short-chain, deficiency of  201470	CAVE: very variable phenotype					
ACBD5	1	BIALLELIC, autosomal or pseudoautosomal	Retinal dystrophy with leukodystrophy, OMIM:618863						
ACER3	1	autsosomal recessive	?Leukodystrophy, progressive, early childhood-onset OMIM:617762	progressive disorder					
ACO2	1	BIALLELIC, autosomal or pseudoautosomal	Infantile cerebellar-retinal degeneration, OMIM:614559;Infantile cerebellar-retinal degeneration, MONDO:0013802						
ACOX1	1	BOTH monoallelic and biallelic (but BIALLELIC mutations cause a more SEVERE disease form), autosomal or pseudoautosomal	Peroxisomal acyl-CoA oxidase deficiency 264470;General Leukodystrophy & Mitochondrial Leukoencephalopathy;Mitchell syndrome, OMIM:618960						
ACSF3	1	autosomal recessive	Combined malonic and methylmalonic aciduria OMIM:614265,ORPHA:289504	cognitive decline					
ACTG1	1	MONOALLELIC, autosomal or pseudoautosomal, NOT imprinted	Baraitser-Winter syndrome 2, 614583;BARAITSER-WINTER SYNDROME	progressive hearing loss					
ADA2	1	autosomal recessive	SNEDDON SYNDROME; SNDNS ORPHA:820,OMIM:182410,ORPHA:124,OMIM:615688	cognitive decline, progressive					
ADAM9	1	autosomal recessive	Cone-rod dystrophy 9, ORPHA:1872,OMIM:612775	progressive disorder					
ADAR	1	BOTH monoallelic and biallelic, autosomal or pseudoautosomal	Aicardi-Goutieres syndrome 6;Aicardi-Goutieres syndrome;Aicardi-Gouti res, isolated spasticity, bilateral striatal necrosis, General Leukodystrophy & Mitochondrial Leukoencephalopathy	for recessive phenotype					
ADARB1	1	BIALLELIC, autosomal or pseudoautosomal	Neurodevelopmental disorder with hypotonia, microcephaly, and seizures, 618862	not clear how progressive this disorder is					
ADAT3	1	BIALLELIC, autosomal or pseudoautosomal	Mental retardation, autosomal recessive 36 615286						
ADCK3	1	autosomal recessive	"	Coenzyme Q10 deficiency, primary, 4"	progressive					
ADGRV1	1	autosomal recessive	Usher syndrome, type 2C	progressive retinitis pigmentosa					
ADH5	1	digenic recessive	OMIM:619151 AMED syndrome, digenic	progressive, CAVE: digenic (multiple variants could be treated)					
ADK	1	BIALLELIC, autosomal or pseudoautosomal	Hypermethioninemia due to adenosine kinase deficiency  614300	progressive disorder					
ADPRHL2	1	BIALLELIC, autosomal or pseudoautosomal	Neurodegeneration, childhood-onset, stress-induced, with variable ataxia and seizures OMIM:618170;neurodegeneration, childhood-onset, stress-induced, with variable ataxia and seizures MONDO:0100095						
ADPRS	1	autosomal-recessive	"OMIM:618170 	Neurodegeneration, childhood-onset, stress-induced, with variable ataxia and seizures"	ideal disease					
ADSL	1	BIALLELIC, autosomal or pseudoautosomal	Adenylosuccinase deficiency						
AFG3L2	1	BOTH monoallelic and biallelic, autosomal or pseudoautosomal	Spastic ataxia 5, autosomal recessive OMIM:614487;spastic ataxia 5 MONDO:0013776;Spinocerebellar ataxia 28 OMIM:610246;spinocerebellar ataxia type 28 MONDO:0012450	CAVE: AR and AD phenotype					
AGA	1	BIALLELIC, autosomal or pseudoautosomal	Aspartylglucosaminuria, 208400;ASPARTYLGLUCOSAMINURIA (AGU)	progressive, extraneuronal features present					
AGBL5	1	autosomal recessive	ORPHA:791,OMIM:617023 Retinitis pigmentosa 75	progressive night blindness					
AGTPBP1	1	autosomal recessive	Neurodegeneration, childhood-onset, with cerebellar atrophy OMIM:618276	progressive neurodegeneration					
AHR	1	autosomal recessive	Retinitis pigmentosa 85  ORPHA:791,OMIM:618345	progressive					
AIFM1	1	X-LINKED: hemizygous mutation in males, biallelic mutations in females	Cowchock syndrome, OMIM:310490;Combined oxidative phosphorylation deficiency 6, OMIM:300816;Spondyloepimetaphyseal dysplasia, X-linked, with hypomyelinating leukodystrophy, OMIM:300232	allelic disorders, severe syndroes with regression/deterioration					
AIMP1	1	BIALLELIC, autosomal or pseudoautosomal	Leukodystrophy, hypomyelinating, 3, OMIM:260600						
AIMP2	1	BIALLELIC, autosomal or pseudoautosomal	Epileptic Encephalopathy;Infantile Spasms;Leukodystrophy, hypomyelinating, 17, 618006;neurodevelopmental disorder with microcephaly, seizures, and spastic quadriparesis						
ALDH18A1	1	BOTH monoallelic and biallelic, autosomal or pseudoautosomal	Spastic paraplegia 9A, autosomal dominant;Spastic paraplegia 9B, autosomal recessive CUTIS LAXA, AUTOSOMAL DOMINANT 3;ADCL3 AUTOSOMAL RECESSIVE MENTAL RETARDATION-JOINT HYPERMOBILITY-SKIN LAXITY WITH OR WITHOUT METABOLIC ABNORMALITIES (MRJHSL) SPASTIC PARAPLEGIA 9, AUTOSOMAL DOMINANT;SPG9	Spastic paraplegia					
ALG1	1	BIALLELIC, autosomal or pseudoautosomal	Congenital disorder of glycosylation, type Ik 608540						
ALG13	1	X-LINKED: hemizygous mutation in males, monoallelic mutations in females may cause disease (may be less severe, later onset than males)	Congenital disorder of glycosylation, type Is;Infantile spasms and LGS						
ALS2	1	BIALLELIC, autosomal or pseudoautosomal	Amyotrophic lateral sclerosis 2, juvenile, OMIM:205100;Primary lateral sclerosis, juvenile, OMIM:606353;Spastic paralysis, infantile onset ascending, OMIM:607225						
AMN	1	autosomal recessive	Imerslund-Grasbeck syndrome 2 OMIM:618882,ORPHA:35858	developmental regression (according to ORPHANET)					
AMPD2	1	BIALLELIC, autosomal or pseudoautosomal	Pontocerebellar hypoplasia 9 (#615809);Spastic paraplegia homozygous frameshift reported in single family (Novarino et al, 2014).						
ANG	1	MONOALLELIC, autosomal or pseudoautosomal, imprinted status unknown	Amyotrophic Lateral Sclerosis, Dominant;Amyotrophic lateral sclerosis 9, 611895;familial amyotrophic lateral sclerosis (ALS9)						
ANO10	1	BIALLELIC, autosomal or pseudoautosomal	Spinocerebellar ataxia, autosomal recessive 10, 						
ANXA11	1	autosomal dominant	ORPHA:803,OMIM:617839,OMIM:619733	slowly progressive					
AOPEP	1	autosomal recessive	"	Dystonia 31 OMIM:619565"	progressive disorder					
AP1S2	1	X-LINKED: hemizygous mutation in males, monoallelic mutations in females may cause disease (may be less severe, later onset than males)	Pettigrew syndrome, OMIM:304340;Calcifications in basal ganglia						
AP3B2	1	BIALLELIC, autosomal or pseudoautosomal	Epileptic encephalopathy, early infantile, 48 617276	DEE					
AP4E1	1	BIALLELIC, autosomal or pseudoautosomal	Spastic paraplegia 51, autosomal recessive, OMIM:613744;Hereditary spastic paraplegia 51, MONDO:0013401						
AP4S1	1	BIALLELIC, autosomal or pseudoautosomal	Spastic paraplegia 52, autosomal recessive;developmental delay;seizures						
AP5Z1	1	autosomal recessive	Spastic paraplegia 48, autosomal recessive ORPHA:306511,OMIM:613647						
APOE	1	autosomal dominant	ALZHEIMER DISEASE 3; AD3	early-onset AD					
APOPT1	1	BIALLELIC, autosomal or pseudoautosomal	Mitochondrial complex IV deficiency, nuclear type 17, OMIM:619061	progressive disorder					
APTX	1	BIALLELIC, autosomal or pseudoautosomal	Ataxia with Oculomotor Apraxia ;Ataxia, early-onset, with oculomotor apraxia and hypoalbuminemia 						
AR	1	x-linked recessive	SPINAL AND BULBAR MUSCULAR ATROPHY, X-LINKED 1; SMAX1 OMIM:313200,OMIM:176807,ORPHA:481,OMIM:312300,OMIM:300633,ORPHA:90797,OMIM:300068,ORPHA:99429,ORPHA:95706						
ARG1	1	BIALLELIC, autosomal or pseudoautosomal	Argininemia, OMIM:207800						
ARHGEF18	1	autosomal recessive	"	Retinitis pigmentosa 78 ORPHA:791,OMIM:617433"	progressive disorder					
ARHGEF9	1	X-linked	Developmental and epileptic encephalopathy 8						
ARL2BP	1	autosomal recessive	Retinitis pigmentosa with or without situs inversus OMIM:615434,ORPHA:791						
ARL3	1	autsomal recessive and dominant	ORPHA:791,ORPHA:475,OMIM:618161,OMIM:618173	JOUBERT SYNDROME 35; JBTS35 might not be severe enough					
ARL6	1	BIALLELIC, autosomal or pseudoautosomal	Bardet-Biedl syndrome 3, 209900{Bardet-Biedl syndrome 1, modifier of}, 209900Retinitis pigmentosa 55, 613575;BARDET-BIEDL SYNDROME TYPE 3 (BBS3)	different syndromes, eligibility depends on phenotype of patient					
ARSA	1	BIALLELIC, autosomal or pseudoautosomal	"Metachromatic leukodystrophy (Arylsulfatase A Deficiency)	250100"	severe, progressive disorder					
ARSG	1	autosomal recessive	Usher syndrome, type IV OMIM:618144,ORPHA:231183						
ARSI	1	autosomal recessive	Autosomal recessive spastic paraplegia type 66 ORPHA:401815						
ARV1	1	BIALLELIC, autosomal or pseudoautosomal	Epileptic encephalopathy, early infantile, 38 617020	DEE, progressive					
ARX	1	X-linked recessive	Developmental and epileptic encephalopathy 1						
ASAH1	1	BIALLELIC, autosomal or pseudoautosomal	Spinal muscular atrophy with progressive myoclonic epilepsy, OMIM:159950						
ASNS	1	BIALLELIC, autosomal or pseudoautosomal	Asparagine synthetase deficiency OMIM:615574	progressive, CAVE: death usually in infancy					
ASPA	1	BIALLELIC, autosomal or pseudoautosomal	25655951;General Leukodystrophy & Mitochondrial Leukoencephalopathy						
ATAD1	1	BIALLELIC, autosomal or pseudoautosomal	Hyperekplexia 4, OMIM:618011	progressive disorder, severe phenotype, death early childhood, CAVE: extraneuronal phenotype with respiratory insufficiency					
ATG7	1	autosomal recessive	OMIM:619422	cognitive decline					
ATM	1	BIALLELIC, autosomal or pseudoautosomal	Ataxia-telangiectasia, OMIM:208900						
ATP13A2	1	BIALLELIC, autosomal or pseudoautosomal	"Kufor-Rakeb syndrome	606693"						
ATP1A2	1	MONOALLELIC, autosomal or pseudoautosomal, NOT imprinted	"familial hemiplegic migraine type 2, 602481;familial basilar migraine 	602481;alternating hemiplegia of childhood 104290"	Alternating hemiplegia of childhood 1					
ATP2B2	1	autosomal dominant and autosomal recessive	DEAFNESS, AUTOSOMAL DOMINANT 82; DFNA82, DEAFNESS, AUTOSOMAL RECESSIVE 12; DFNB12	progressive disorder (deafness - is this caused by neuronal damage?), ataxia phenotype					
ATP5F1A	1	autosomal dominant and recessive	OMIM:616045,OMIM:615228	multiple disorders associated with variants in this gene, progressive disorders					
ATP5MC3	1	autosomal dominant	OMIM:619681 Dystonia, early-onset, and/or spastic paraplegia	progressive					
ATP5PO	1	autosomal recessive	"	Mitochondrial complex V (ATP synthase) deficiency, nuclear type 7"	progressive, death in infancy or early childhood					
ATP6AP2	1	X-LINKED: hemizygous mutation in males, biallelic mutations in females	Mental retardation, X-linked, syndromic, Hedera type 	neurodegeneration, progressive disorder					
ATP6V0A1	1	autosomal dominant and recessive	Developmental disorder;Rett syndrome-like						
ATP6V1A	1	BOTH monoallelic and biallelic, autosomal or pseudoautosomal	Epileptic encephalopathy, infantile or early childhood, 3 618012;Cutis laxa, autosomal recessive, type IID 617403						
ATP7A	1	X-LINKED: hemizygous mutation in males, biallelic mutations in females	Menkes disease, OMIM:309400;Occipital horn syndrome, OMIM:304150;Spinal muscular atrophy, distal, X-linked 3, OMIM:300489						
AUH	1	BIALLELIC, autosomal or pseudoautosomal	3-methylglutaconic aciduria, type I, 250950;3-METHYLGLUTACONIC ACIDURIA TYPE 1	progressive					
BAG3	1	autosomal dominant	OMIM:613881,ORPHA:154,OMIM:612954	rapdily progressive					
BBS1	1	BIALLELIC, autosomal or pseudoautosomal	Bardet-Biedl syndrome 1 OMIM:209900;Bardet-Biedl syndrome 1 MONDO:0008854	retinal degeneration					
BBS2	1	BIALLELIC, autosomal or pseudoautosomal	Bardet-Biedl syndrome 2, 209900;BARDET-BIEDL SYNDROME TYPE 2 (BBS2)	retinal degeneration					
BBS4	1	BIALLELIC, autosomal or pseudoautosomal	Bardet-Biedl syndrome 4, 209900;BARDET-BIEDL SYNDROME TYPE 4 (BBS4)	retinal degeneration					
BCAS3	1	BIALLELIC, autosomal or pseudoautosomal	Syndromic neurodevelopmental disorder	regression in some patients					
BCKDHA	1	BIALLELIC, autosomal or pseudoautosomal	Maple syrup urine disease, type Ia 248600						
BCKDHB	1	BIALLELIC, autosomal or pseudoautosomal	Maple syrup urine disease, type Ib 248600	progressive, extraneuronal phenotype, treatment options available					
BEST1	1	autosomal dominant	OMIM:613194,OMIM:193220,ORPHA:99000,ORPHA:791,ORPHA:1243,OMIM:153700,ORPHA:35612,OMIM:611809	different associated disorders					
BSCL2	1	MONOALLELIC, autosomal or pseudoautosomal, imprinted status unknown	"Silver spastic paraplegia syndrome, OMIM:270685, 	
ENCEPHALOPATHY, PROGRESSIVE, WITH OR WITHOUT LIPODYSTROPHY; PELD"	SP slowly progressive					
C12orf57	1	BIALLELIC, autosomal or pseudoautosomal	Temtamy syndrome 218340	progressive disorder, cognitive decline					
C19orf12	1	BIALLELIC, autosomal or pseudoautosomal	Dystonia;mitochondrial membrane protein-associated neurodegeneration;neurodegeneration with brain iron accumulation-4						
C1QTNF5	1	autosomal dominant	OMIM:605670,ORPHA:67042 Retinal degeneration, late-onset, autosomal dominant						
CA4	1		ORPHA:791 Retinitis pigmentosa						
CACNA1A	1	MONOALLELIC, autosomal or pseudoautosomal, NOT imprinted	Episodic ataxia, type 2, OMIM:108500;Migraine, familial hemiplegic, 1, OMIM:141500;Migraine, familial hemiplegic, 1, with progressive cerebellar ataxia, OMIM:141500						
CACNA1B	1	BIALLELIC, autosomal or pseudoautosomal	Neurodevelopmental disorder with seizures and nonepileptic hyperkinetic movements, 618497;Global developmental delay;Developmental regression;Seizures;Intellectual disability;Abnormality of movement;Progressive Epilepsy-Dyskinesia	developmental regression					
CACNA1E	1	autosomal dominant	Developmental and epileptic encephalopathy 69						
CACNA2D1	1	autosomal recessive	"ORPHA:130,ORPHA:442835,ORPHA:51083 	Developmental and epileptic encephalopathy 110"						
CAD	1	autosomal recessive	Developmental and epileptic encephalopathy 50	additional hematological phenotype					
CADM3	1	autosomal dominant	"OMIM:619519 	Charcot-Marie-Tooth disease, axonal, type 2FF"						
CAMLG	1	autosomal recessive	Congenital disorder of glycosylation, type Iiz	developmental regression					
CARS2	1	BIALLELIC, autosomal or pseudoautosomal	Combined oxidative phosphorylation deficiency 27, 616672	progressive, also extraneuronal manifestations					
CCDC28B	1	autosomal recessive	OMIM:209900	retinal degeneration					
CDK19	1	autosomal dominant	Developmental and epileptic encephalopathy 87 OMIM:618916,ORPHA:442835						
CDKL5	1	X-linked dominant	Developmental and epileptic encephalopathy 2 ORPHA:1934,ORPHA:505652,ORPHA:3095,OMIM:300672,ORPHA:3451						
CEP290	1	BIALLELIC, autosomal or pseudoautosomal	Joubert syndrome 5, 610188Senior-Loken syndrome 6, 610189Leber congenital amaurosis 10, 611755Meckel syndrome 4, 611134Bardet-Biedl syndrome 14, 209900;BARDET-BIEDL SYNDROME TYPE 14 (BBS14) OMIM:610189,ORPHA:564,ORPHA:2318,OMIM:611134,OMIM:615991,OMIM:610188,ORPHA:65,OMIM:611755,ORPHA:110,ORPHA:3156						
CHD2	1	autosomal dominant	Developmental and epileptic encephalopathy 94 ORPHA:1942,OMIM:615369,ORPHA:2382						
CHMP2B	1	MONOALLELIC, autosomal or pseudoautosomal, imprinted status unknown	Frontotemporal Dementia;Dementia, familial, nonspecific, 600795Amyotrophic lateral sclerosis 17, 614696 OMIM:600795,ORPHA:100070,ORPHA:803,ORPHA:275864,ORPHA:100069						
CIC	1	MONOALLELIC, autosomal or pseudoautosomal, imprinted status unknown	Mental retardation, autosomal dominant 45 617600 ORPHA:178469,OMIM:617600	developmental regression					
CLCN2	1	BIALLELIC, autosomal or pseudoautosomal	Leukoencephalopathy with ataxia, OMIM:615651 OMIM:605635,OMIM:615651,ORPHA:404,ORPHA:307,OMIM:607628						
CLN3	1	autosomal recessive	Ceroid lipofuscinosis, neuronal, 3 OMIM:204200						
CLN5	1	autosomal recessive	Ceroid lipofuscinosis, neuronal, 5 ORPHA:228360,OMIM:256731						
CLN6	1	BIALLELIC, autosomal or pseudoautosomal	Ceroid lipofuscinosis, neuronal, 6, 601780;Ceroid lipofuscinosis, neuronal, Kufs type, adult onset, 204300 OMIM:204300,OMIM:601780						
CLN8	1	autosomal recessive	Ceroid lipofuscinosis, neuronal, 8 ORPHA:1947,OMIM:610003,OMIM:600143						
CLP1	1	BIALLELIC, autosomal or pseudoautosomal	Pontocerebellar hypoplasia 10 OMIM:615803;Pontocerebellar hypoplasia type 10 MONDO:0014349 ORPHA:411493,OMIM:615803						
CNPY3	1	autosomal recessive	Developmental and epileptic encephalopathy 60 OMIM:617929,ORPHA:3451						
COASY	1	BIALLELIC, autosomal or pseudoautosomal	Neurodegeneration with brain iron accumulation 6; COASY protein-associated neurodegeneration						
COQ2	1	BIALLELIC, autosomal or pseudoautosomal	Coenzyme Q10 deficiency, primary, 1, OMIM:607426;General Leukodystrophy & Mitochondrial Leukoencephalopathy ORPHA:255249,ORPHA:98933,OMIM:607426,OMIM:146500,ORPHA:227510	"Coenzyme Q10 systemic, but 	{Multiple system atrophy, susceptibility to} progressive neurological disorder"					
CP	1	BIALLELIC, autosomal or pseudoautosomal	Dystonia;Aceruloplasminemia;Cerebellar ataxia, 604290;Hemosiderosis, systemic, due to aceruloplasminemia, 604290 ORPHA:48818,OMIM:604290						
CRAT	1	autosomal recessive	OMIM:617917	NBIA					
CTSD	1	autosomal recessive	Ceroid lipofuscinosis, neuronal, 10						
CTSF	1	autosomal recessive	Ceroid lipofuscinosis, neuronal, 13 (Kufs type) OMIM:615362						
CUX2	1	autosomal dominant	Developmental and epileptic encephalopathy 67 OMIM:618141,ORPHA:2382	some patients with developmental regression					
CYP27A1	1	BIALLELIC, autosomal or pseudoautosomal	General Leukodystrophy & Mitochondrial Leukoencephalopathy;Cerebrotendinous xanthomatosis, 213700 OMIM:213700,ORPHA:909	has some systemic defects					
CYP2U1	1	BIALLELIC, autosomal or pseudoautosomal	Spastic paraplegia 56, autosomal recessive ORPHA:320411,OMIM:615030						
CYP7B1	1	BIALLELIC, autosomal or pseudoautosomal	Spastic paraplegia 5A, autosomal recessive , OMIM:270800 OMIM:613812,ORPHA:79302,ORPHA:100986,OMIM:270800	might be too slowly progressive					
DARS1	1	BIALLELIC, autosomal or pseudoautosomal	Brain stem and spinal cord Hypomyelination;leg spasticity;Hypomyelination with brainstem and spinal cord involvement and leg spasticity, 615281						
DARS2	1	BIALLELIC, autosomal or pseudoautosomal	Leukoencephalopathy with brain stem and spinal cord involvement and lactate elevation (LBSL);General Leukodystrophy & Mitochondrial Leukoencephalopathy;Leukoencephalopathy with brain stem and spinal cord involvement and lactate elevation, 611105 ORPHA:137898,OMIM:611105						
DCAF17	1	BIALLELIC, autosomal or pseudoautosomal	Dystonia;Woodhouse-Sakati syndrome ORPHA:3464,OMIM:241080	patients have hormonal imbalances					
DCTN1	1	MONOALLELIC, autosomal or pseudoautosomal, imprinted status unknown	Neuropathy, distal hereditary motor, type VIIB, 607641;{Amyotrophic lateral sclerosis, susceptibility to}, 105400;Perry syndrome, 168605 OMIM:168605,ORPHA:803,ORPHA:178509,OMIM:105400,OMIM:607641	no neurological regression					
DDHD2	1	BIALLELIC, autosomal or pseudoautosomal	Spastic paraplegia 54, autosomal recessive  ORPHA:320380,OMIM:615033						
DEAF1	1	autsosomal dominant and autosomal recesive	Vulto-van Silfout-de Vries syndrome ORPHA:178469,ORPHA:468620,OMIM:615828,ORPHA:819,OMIM:617171						
DLAT	1	BIALLELIC, autosomal or pseudoautosomal	episodic dystonia;pyruvate dehydrogenase deficiency;Pyruvate dehydrogenase E2 deficiency ORPHA:79244,OMIM:245348						
DMXL2	1	MONOALLELIC, autosomal or pseudoautosomal, NOT imprinted, autosomal recessive	Sensorineural Hearing Loss;ORPHA90636;OMIM:612186, Developmental and epileptic encephalopathy 81 ORPHA:1934,OMIM:618663,ORPHA:453533,OMIM:617605,OMIM:616113						
DNAJC5	1	MONOALLELIC, autosomal or pseudoautosomal, NOT imprinted	"Ceroid lipofuscinosis, neuronal, 4, Parry type	162350"						
DNAJC6	1	autosomal recessive	Parkinson disease 19b, early-onset ORPHA:391411,ORPHA:2828,OMIM:615528						
DNM1	1	autosomal dominant	Developmental and epileptic encephalopathy 31 ORPHA:442835,OMIM:616346,ORPHA:2382						
DNM1L	1	BOTH monoallelic and biallelic, autosomal or pseudoautosomal	Encephalopathy, lethal, due to defective mitochondrial peroxisomal fission 1, 614388;refractory epilepsy;refractory focal status epilepticus OMIM:610708,ORPHA:330050,ORPHA:98673,OMIM:614388	both disorders are progressive					
DNM2	1	autosomal recessive	Charcot-Marie-Tooth disease OMIM:160150,OMIM:615368,ORPHA:169189,OMIM:606482						
DNMT1	1	MONOALLELIC, autosomal or pseudoautosomal, imprinted status unknown	Neuropathy, hereditary sensory, type IE, 614116; Cerebellar ataxia, deafness, and narcolepsy, autosomal dominant, 604121;CEREBELLAR ATAXIA, DEAFNESS, AND NARCOLEPSY, AUTOSOMAL DOMINANT; ADCADN OMIM:604121,OMIM:614116,ORPHA:314404						
DOCK7	1	autosomal recessive	Developmental and epileptic encephalopathy 23 ORPHA:411986,OMIM:615859						
EARS2	1	BIALLELIC, autosomal or pseudoautosomal	Leukoencephalopathy with thalamus and brainstem involvement and high lactate (LTBL);General Leukodystrophy & Mitochondrial Leukoencephalopathy;Combined oxidative phosphorylation deficiency 12						
EIF2AK2	1	MONOALLELIC, autosomal or pseudoautosomal, NOT imprinted	Leukoencephalopathy, developmental delay, and episodic neurologic regression syndrome, 618877, Dystonia 33 OMIM:618877,OMIM:619687,ORPHA:256						
EIF2B1	1	BIALLELIC, autosomal or pseudoautosomal	Childhood ataxia with central nervous system hypomyelination/vanishing white matter disease;Childhood Ataxia with Central Nervous System Hypomyelination/Vanishing White Matter 						
EIF2B2	1	BIALLELIC, autosomal or pseudoautosomal	Childhood Ataxia with Central Nervous System Hypomyelination;Leukoencephalopathy with vanishing white matter, 603896;Ovarioleukodystrophy, 603896;eIF2B related disorder (Vanishing WM Disease or CACH);General Leukodystrophy & Mitochondrial Leukoencephalopathy						
EIF2B3	1	BIALLELIC, autosomal or pseudoautosomal	Leukoencephalopathy with vanishing white matter 603896;eIF2B related disorder (Vanishing WM Disease or CACH);General Leukodystrophy & Mitochondrial Leukoencephalopathy						
EIF2B4	1	BIALLELIC, autosomal or pseudoautosomal	Leukoencephaly with vanishing white matter, 603896;Ovarioleukodystrophy, 603896						
EIF2B5	1	BIALLELIC, autosomal or pseudoautosomal	Leukoencephalopathy with vanishing white matter, 603896;Ovarioleukodystrophy, 603896;eIF2B related disorder (Vanishing WM Disease or CACH);General Leukodystrophy & Mitochondrial Leukoencephalopathy						
ELOVL4	1	MONOALLELIC, autosomal or pseudoautosomal, imprinted status unknown	Spinocerebellar ataxia 34 133190, Stargardt disease 3, Ichthyosis, spastic quadriplegia, and mental retardation, Stargardt disease 3, 600110Macular dystrophy, autosomal dominant, chromosome 6-linked, 600110Ichthyosis, spastic quadriplegia, and mental retardation, 614457;ICHTHYOSIS, SPASTIC QUADRIPLEGIA, AND MENTAL RETARDATION ORPHA:827,OMIM:614457,ORPHA:1955,OMIM:133190,OMIM:600110	CAVE: allelic disorders not all are eligible, SA is slowly progressive					
EPG5	1	BIALLELIC, autosomal or pseudoautosomal	Vici syndrome, 242840; IMMUNODEFICIENCY WITH CLEFT LIP/PALATE, CATARACT, HYPOPIGMENTATION, AND ABSENT CORPUS CALLOSUM OMIM:242840,ORPHA:1493						
EPM2A	1	BIALLELIC, autosomal or pseudoautosomal	"Epilepsy, progressive myoclonic 2A (Lafora)	ORPHA:501,OMIM:254780"						
ERCC6	1	BIALLELIC, autosomal or pseudoautosomal	Cockayne syndrome;UV-sensitive syndrome;General Leukodystrophy & Mitochondrial Leukoencephalopathy, De Sanctis-Cacchione syndrome, ORPHA:1466,ORPHA:90321,OMIM:214150,OMIM:616946,ORPHA:90324,OMIM:211980,ORPHA:90322,OMIM:133540,OMIM:278800,OMIM:600630						
ERCC8	1	BIALLELIC, autosomal or pseudoautosomal	Cockayne Syndrome;UV-sensitive syndrome;General Leukodystrophy & Mitochondrial Leukoencephalopathy OMIM:614621,ORPHA:90321,ORPHA:90324,ORPHA:90322,OMIM:216400						
ERLIN1	1	BIALLELIC, autosomal or pseudoautosomal	Hereditary spastic paraplegia;Spastic paraplegia 62, OMIM:615681,ORPHA:401785						
ERLIN2	1	BOTH monoallelic and biallelic, autosomal or pseudoautosomal	Spastic paraplegia 18, autosomal recessive,  611225;Spastic paraplegia, autosomal dominant;hereditary spastic paraplegia;neurodegeneration OMIM:611225,ORPHA:247604,ORPHA:280384,ORPHA:209951						
ETHE1	1	BIALLELIC, autosomal or pseudoautosomal	"Ethylmalonic encephalopathy	OMIM:602473,ORPHA:51188"						
EXOSC3	1	BIALLELIC, autosomal or pseudoautosomal	Pontocerebellar hypoplasia, type 1B, OMIM:614678						
EXOSC8	1	BIALLELIC, autosomal or pseudoautosomal	Pontocerebellar hypoplasia, type 1C, OMIM:616081;neuronopathy, distal hereditary motor, MONDO:0000075	might be too fast progressing					
FA2H	1	BIALLELIC, autosomal or pseudoautosomal	"Spastic paraplegia 35, autosomal recessive	612319, Dystonia;fatty acid hydroxylase-associated neurodegeneration OMIM:612319,ORPHA:171629,ORPHA:329308"						
FAM126A	1	BIALLELIC, autosomal or pseudoautosomal	Hypomyelination and Congenital Cataract;Leukodystrophy, hypomyelinating, 5, 610532						
FARS2	1	BIALLELIC, autosomal or pseudoautosomal	Spastic paraplegia 77, autosomal recessive, 617046, Combined oxidative phosphorylation deficiency 14 ORPHA:466722,OMIM:617046,OMIM:614946	SP slowly progressive					
FBXO7	1	BIALLELIC, autosomal or pseudoautosomal	Dystonia;juvenile parkinsonism ORPHA:171695,OMIM:260300	might be too slowly progressive					
FGD4	1	autsosomal recessive	Charcot-Marie-Tooth disease, type 4H OMIM:609311						
FGF12	1	autosomal dominant	Developmental and epileptic encephalopathy 47 ORPHA:442835,OMIM:617166						
FH	1	BIALLELIC, autosomal or pseudoautosomal	Fumarase deficiency, 606812;Seizures OMIM:150800,OMIM:606812,ORPHA:523,ORPHA:29072	described as progressive					
FIG4	1	BOTH monoallelic and biallelic, autosomal or pseudoautosomal	Amyotrophic lateral sclerosis 11 OMIM:612577;amyotrophic lateral sclerosis type 11 MONDO:0012945;Charcot-Marie-Tooth disease, type 4J, OMIM:611228;Charcot-Marie-Tooth disease type 4J MONDO:0012640;Yunis Varon syndrome OMIM:216340;Yunis-Varon syndrome MONDO:0008995	Yunis Varon syndrome  --> too many systemic defects?					
FOLR1	1	BIALLELIC, autosomal or pseudoautosomal	Neurodegeneration due to cerebral folate transport deficiency, 613068;Folate receptor alpha deficiency						
FRRS1L	1	autosomal recessive	Developmental and epileptic encephalopathy 37 ORPHA:725,ORPHA:88616,OMIM:616981						
FTL	1	MONOALLELIC, autosomal or pseudoautosomal, NOT imprinted	Neurodegeneration with brain iron accumulation 3 OMIM:606159,OMIM:600886,ORPHA:254704,OMIM:615604,ORPHA:157846,ORPHA:163						
FUS	1	MONOALLELIC, autosomal or pseudoautosomal, imprinted status unknown	Amyotrophic lateral sclerosis 6, autosomal recessive, with or without frontotemporal;Amyotrophic Lateral Sclerosis, Dominant ORPHA:300605,ORPHA:803,OMIM:608030,ORPHA:99967,OMIM:614782,ORPHA:275872						
GABRB1	1	autosomal dominant	Developmental and epileptic encephalopathy 45 OMIM:617153						
GABRG2	1	autosomal dominant	Developmental and epileptic encephalopathy 74 ORPHA:1945,OMIM:607681,ORPHA:33069,ORPHA:442835,ORPHA:64280,OMIM:618396,ORPHA:36387						
GALC	1	BIALLELIC, autosomal or pseudoautosomal	Krabbe disease, ORPHA:206436,ORPHA:206443,ORPHA:206448,OMIM:245200						
GAMT	1	autosomal recessive	Cerebral creatine deficiency syndrome 2 ORPHA:382,OMIM:612736	oral administration of creatine monohydrate					
GBA	1	autosomal recessive	Gaucher disease  ORPHA:85212,OMIM:127750,OMIM:231000,ORPHA:77261,OMIM:230900,ORPHA:77259,OMIM:608013,OMIM:231005,ORPHA:411602,ORPHA:77260,OMIM:230800,OMIM:168600,ORPHA:2072	some of the subtypes may have too severe systemic phenotypes					
GBA2	1	BIALLELIC, autosomal or pseudoautosomal	Spastic paraplegia 46, autosomal recessive, OMIM:614409,ORPHA:352641,ORPHA:320391						
GCDH	1	BIALLELIC, autosomal or pseudoautosomal	Glutaricaciduria, type I ORPHA:25,OMIM:231670						
GCH1	1	BOTH monoallelic and biallelic, autosomal or pseudoautosomal	Dystonia, DOPA-responsive, with or without hyperphenylalaninemia, 128230;Hyperphenylalaninemia, BH4-deficient, B, 233910;Dopa-Responsive Dystonia (DRD) OMIM:233910,OMIM:128230,ORPHA:98808						
GDAP1	1	autosomal dominant and autosomal recessive 	Charcot-Marie-Tooth disease, OMIM:608340,ORPHA:99948,OMIM:607706,ORPHA:101097,OMIM:607831,ORPHA:99944,OMIM:214400						
GFAP	1	MONOALLELIC, autosomal or pseudoautosomal, imprinted status unknown	General Leukodystrophy & Mitochondrial Leukoencephalopathy, Autosomal Dominant Ataxia;Alexander disease OMIM:203450						
GJC2	1	BIALLELIC, autosomal or pseudoautosomal	Leukodystrophy, hypomyelinating, 2, 608804;Spastic paraplegia 44, autosomal recessive, 613206;Lymphedema, hereditary, IC, 613480 ORPHA:79452,OMIM:613480,OMIM:613206,OMIM:608804,ORPHA:320401	progression might be too slow					
GLB1	1	autosomal recessive	GM1-gangliosidosis, type II OMIM:230500,OMIM:253010,OMIM:230650,ORPHA:79255,OMIM:230600	CAVE: has allelic disorders that are not eligible					
GLDC	1	BIALLELIC, autosomal or pseudoautosomal	Glycine encephalopathy, 605899;seizures	progressive disorder, death in infancy					
GLS	1	autosomal recessive	Global developmental delay, progressive ataxia, and elevated glutamine, Developmental and epileptic encephalopathy 71 OMIM:618412,OMIM:618328,OMIM:618339						
GM2A	1	autosomal recessive	GM2-gangliosidosis, AB variant OMIM:272750,ORPHA:309246						
GNAO1	1	MONOALLELIC, autosomal or pseudoautosomal, imprinted status unknown	Neurodevelopmental disorder with involuntary movements, OMIM:615473,ORPHA:1934,OMIM:617493						
GRID2	1	BIALLELIC, autosomal or pseudoautosomal	Spinocerebellar ataxia, autosomal recessive 18, ORPHA:363432,OMIM:616204						
GRN	1	MONOALLELIC, autosomal or pseudoautosomal, imprinted status unknown	Frontotemporal Dementia;Clinical syndrome FTLD (Frontotemporal lobar degeneration), NCL OMIM:614706,ORPHA:100070,ORPHA:275864,ORPHA:100069,OMIM:607485						
HARS1	1	autosomal recessive	Usher syndrome type 3B OMIM:616625,OMIM:614504,ORPHA:488333,ORPHA:231183						
HEATR5B	1	BIALLELIC, autosomal or pseudoautosomal	pontocerebellar hypoplasia, MONDO:0020135;intellectual disability, MONDO:0001071;seizures						
HEPACAM	1	BOTH monoallelic and biallelic, autosomal or pseudoautosomal	General Leukodystrophy & Mitochondrial Leukoencephalopathy;Megalencephalic leukoencephalopathy with subcortical cysts (MLC);Megalencephalic leukoencephalopathy with subcortical cysts 2A;Megalencephalic leukoencephalopathy with subcortical cysts 2B, remitting, with or without mental retardation OMIM:604004,OMIM:613925,OMIM:613926	might be too slowly progressive					
HEXA	1	BIALLELIC, autosomal or pseudoautosomal	GM2-gangliosidosis, several forms, 272800;Tay-Sachs disease, 272800						
HEXB	1	BIALLELIC, autosomal or pseudoautosomal	Sandhoff disease, infantile, juvenile, and adult forms, OMIM:268800						
HGSNAT	1	autosomal dominant	Mucopolysaccharidosis type IIIC (Sanfilippo C) OMIM:252930,OMIM:616544,ORPHA:791	has extraneuronal pathology					
HIBCH	1	BIALLELIC, autosomal or pseudoautosomal	 3-hydroxyisobutryl-CoA hydrolase deficiency ORPHA:88639,OMIM:250620						
HIKESHI	1	BIALLELIC, autosomal or pseudoautosomal	Leukodystrophy, hypomyelinating, 13, OMIM:616881	might be too slowly progressive					
HPDL	1	autosomal recessive	Neurodevelopmental disorder with progressive spasticity and brain white matter abnormalities OMIM:619027,ORPHA:528084,OMIM:619026						
HSD17B4	1	BIALLELIC, autosomal or pseudoautosomal	Peroxisome-Associated Disorders & Zellweger Syndrome;D-bifunctional protein deficiency;General Leukodystrophy & Mitochondrial Leukoencephalopathy, Perrault syndrome 1 OMIM:261515,OMIM:233400	CAVE: D-bifunctional protein deficiency not eligible					
HSPB8	1	MONOALLELIC, autosomal or pseudoautosomal, NOT imprinted	Neuropathy, distal hereditary motor, type IIA, OMIM:158590,OMIM:608673						
HSPD1	1	MONOALLELIC, autosomal or pseudoautosomal, imprinted status unknown	Leukodystrophy, hypomyelinating, 4, OMIM:612233, Spastic paraplegia 13, autosomal dominant  ORPHA:100994,OMIM:612233,OMIM:605280						
HTRA2	1	BIALLELIC, autosomal or pseudoautosomal	"3-methylglutaconic aciduria, type VIII	617248 OMIM:617248,ORPHA:2828,OMIM:610297"						
IBA57	1	BIALLELIC, autosomal or pseudoautosomal	Multiple mitochondrial dysfunctions syndrome 3, OMIM:615330	death in infancy or early childhood					
IDS	1	X-LINKED: hemizygous mutation in males, biallelic mutations in females	Mucopolysaccharidosis II, 309900;MUCOPOLYSACCHARIDOSIS TYPE 2 (MPS2) ORPHA:217085,OMIM:309900,ORPHA:217093	progressive disease/neurodegeneration, extraneuronal manifestations					
IGHMBP2	1	BIALLELIC, autosomal or pseudoautosomal	Neuronopathy, distal hereditary motor, type VI, OMIM:604320,OMIM:616155						
IRF2BPL	1	MONOALLELIC, autosomal or pseudoautosomal, imprinted status unknown	Neurodevelopmental disorder with regression, abnormal movements, loss of speech, and seizures OMIM:618088;neurodevelopmental disorder with regression, abnormal movements, loss of speech, and seizures MONDO:0060759	CAVE: gene only has one exon, exon-skipping therapy does not work, just cryptic splicing					
ISCA2	1	BIALLELIC, autosomal or pseudoautosomal	Multiple mitochondrial dysfunctions syndrome 4, 616370						
ITM2B	1	MONOALLELIC, autosomal or pseudoautosomal, NOT imprinted	Dementia, familial British, OMIM:616079,OMIM:176500,OMIM:117300						
JAM3	1	BIALLELIC, autosomal or pseudoautosomal	Hemorrhagic destruction of the brain, subependymal calcification, and cataracts, OMIM:613730	death in early infancy (might be too fast for therapy development)					
JPH1	1	autosomal dominant and autosomal recessive 	?Charcot-Marie-Tooth disease, axonal, autosomal dominant, type 2K OMIM:607831						
KCNC1	1	autosomal dominant	Epilepsy, progressive myoclonic 7 OMIM:616187						
KCNJ10	1	BIALLELIC, autosomal or pseudoautosomal	Seizures, Sensorineural Deafness, Ataxia, Mental Retardation, and Electrolyte Imbalance Syndrome  OMIM:612780,OMIM:600791,ORPHA:705,OMIM:274600,ORPHA:199343						
KCNT1	1	autosomal dominant	Developmental and epileptic encephalopathy 14 ORPHA:98784,OMIM:614959,OMIM:615005						
KCNT2	1	autosomal dominant	Developmental and epileptic encephalopathy 57 OMIM:617771						
KCTD7	1	autsosomal recessive	Epilepsy, progressive myoclonic 3, with or without intracellular inclusions ORPHA:263516,OMIM:611726						
KIAA1161	1	BIALLELIC, autosomal or pseudoautosomal	Autosomal Recessive Primary Familial Brain Calcification;Basal ganglia calcification, idiopathic, 7, autosomal recessive;Calcifications in the basal ganglia ORPHA:791,OMIM:618613						
KIDINS220	1	MONOALLELIC, autosomal or pseudoautosomal, imprinted status unknown	Spastic paraplegia, intellectual disability, nystagmus, and obesity OMIM:617296,OMIM:619501,ORPHA:521390						
KIF1A	1	BOTH monoallelic and biallelic, autosomal or pseudoautosomal	Spastic paraplegia 30, autosomal dominant, OMIM:610357;Spastic paraplegia 30, autosomal recessive, OMIM:610357;NESCAV syndrome, OMIM:614255 ORPHA:178469,OMIM:614213,OMIM:614255,OMIM:610357,ORPHA:2836,ORPHA:970,ORPHA:101010,OMIM:201300						
KIF5A	1	MONOALLELIC, autosomal or pseudoautosomal, imprinted status unknown	Spastic paraplegia 10, autosomal dominant  OMIM:604187,OMIM:617235,OMIM:617921,ORPHA:100991	variable age of onset and phenotype					
KMT2B	1	MONOALLELIC, autosomal or pseudoautosomal, imprinted status unknown	"Dystonia 28, childhood-onset	617284 OMIM:617284,ORPHA:528084,OMIM:619934"						
L2HGDH	1	BIALLELIC, autosomal or pseudoautosomal	L-2-hydroxyglutaric aciduria, ORPHA:79314,OMIM:236792						
LAMB1	1	BIALLELIC, autosomal or pseudoautosomal	Lissencephaly 5, OMIM:615191,ORPHA:352682						
LARGE1	1	BIALLELIC, autosomal or pseudoautosomal	Congenital Muscular Dystrophy, alpha-dystroglycan related;Muscular dystrophy-dystroglycanopathy (congenital with brain and eye anomalies), type OMIM:236670,OMIM:608840,ORPHA:370968,ORPHA:899,ORPHA:588,OMIM:613154	CAVE: congenital defects cannot be rescued					
LARS2	1	BIALLELIC, autosomal or pseudoautosomal	Perrault syndrome 4, OMIM:615300;Hydrops, lactic acidosis, and sideroblastic anemia, OMIM:617021;Leukodystrophy OMIM:615300,OMIM:617021	PERRAULT SYNDROME 4 progressive with neurodegeneration in adulthood					
LMNB1	1	MONOALLELIC, autosomal or pseudoautosomal, imprinted status unknown	Leukodystrophy, adult-onset, autosomal dominant, ORPHA:2514,OMIM:169500,OMIM:619179,ORPHA:99027						
LNPK	1	BIALLELIC, autosomal or pseudoautosomal	Neurodevelopmental disorder with epilepsy and hypoplasia of the corpus callosum 618090						
LYRM7	1	BIALLELIC, autosomal or pseudoautosomal	Mitochondrial complex III deficiency, nuclear type 8;615838;leukoencephalopathy and complex III deficiency;severe encephalopathy, lactic acidosis and profound, isolated cIII deficiency in skeletal muscle						
MAN2B1	1	BIALLELIC, autosomal or pseudoautosomal	Mannosidosis, alpha-, types I and II, 248500;LYSOSOMAL ALPHA-MANNOSIDOSIS (AM) ORPHA:309282,OMIM:248500,ORPHA:309288	mental regression					
MCOLN1	1	BIALLELIC, autosomal or pseudoautosomal	"Mucolipidosis IV	OMIM:252650,ORPHA:578"						
MECR	1	BIALLELIC, autosomal or pseudoautosomal	"Dystonia, childhood-onset, with optic atrophy and basal ganglia abnormalities	OMIM:617282"	NBIA					
MED17	1	autosomal recessive	Microcephaly, postnatal progressive, with seizures and brain atrophy OMIM:613668						
MEF2C	1	MONOALLELIC, autosomal or pseudoautosomal, imprinted status unknown	Mental Retardation, Stereotypic Movements, Epilepsy, and/or Cerebral Malformations ORPHA:228384,OMIM:613443						
MFSD2A	1	autosomal recessive	Neurodevelopmental disorder with progressive microcephaly, spasticity, and brain abnormalities OMIM:616486,ORPHA:2512						
MFSD8	1	autosomal recessive	Ceroid lipofuscinosis, neuronal, 7 OMIM:610951,OMIM:616170						
MOCS1	1	autsosomal recessive	Molybdenum cofactor deficiency A OMIM:252150						
MOCS2	1	BIALLELIC, autosomal or pseudoautosomal	Molybdenum cofactor deficiency B OMIM:252160	progressive disorder					
MRE11	1	BIALLELIC, autosomal or pseudoautosomal	Ataxia-Telangiectasia-Like Disorder ;Ataxia-telangiectasia-like disorder  ORPHA:251347,ORPHA:145,OMIM:604391						
MRPS25	1	autosomal recessive	Combined oxidative phosphorylation deficiency 5 OMIM:619025	progressive disordr					
MTTP	1	BIALLELIC, autosomal or pseudoautosomal	Abetalipoproteinemia, 200100 ORPHA:14,OMIM:200100,OMIM:605552	systemic effects					
NAGA	1	autosomal dominant	Schindler disease ORPHA:79279,OMIM:609241,OMIM:609242,ORPHA:79280,ORPHA:79281						
NAGLU	1	autosomal dominant	"Mucopolysaccharidosis type IIIB (Sanfilippo B) and 	?Charcot-Marie-Tooth disease, axonal, type 2V  OMIM:616491,OMIM:252920"						
NALCN	1	autosomal dominant	Hypotonia, infantile, with psychomotor retardation and characteristic facies 1 ORPHA:2053,OMIM:616266,ORPHA:1147,ORPHA:1146,OMIM:615419,ORPHA:371364						
NAXE	1	BIALLELIC, autosomal or pseudoautosomal	Encephalopathy, progressive, early-onset, with brain edema and/or leukoencephalopathy, OMIM:617186						
NDUFA12	1	autosomal recessive	Mitochondrial complex I deficiency, nuclear type 23 ORPHA:255241,OMIM:618244						
NDUFA2	1	BIALLELIC, autosomal or pseudoautosomal	Mitochondrial leukoencephalopathy ORPHA:255241,OMIM:618235	death in infancy (window of opportunity might be too short)					
NDUFAF2	1	BIALLELIC, autosomal or pseudoautosomal	OMIM:618233,ORPHA:2609,ORPHA:255241						
NDUFS1	1	BIALLELIC, autosomal or pseudoautosomal	Mitochondrial complex I disorders;Mitochondrial complex I deficiency;Mitochondrial Leukoencephalopathy;General Leukodystrophy & Mitochondrial Leukoencephalopathy;MITOCHONDRIAL RESPIRATORY CHAIN COMPLEX I DEFICIENCY ORPHA:2609,ORPHA:255241,OMIM:618226						
NDUFS4	1	BIALLELIC, autosomal or pseudoautosomal	"Leigh syndrome	256000;Mitochondrial complex I deficiency	ORPHA:2609,OMIM:252010,ORPHA:255241"						
NDUFS7	1	BIALLELIC, autosomal or pseudoautosomal	Mitochondrial Leukoencephalopathy;Mitochondrial respiratory chain complex I deficiency;General Leukodystrophy & Mitochondrial Leukoencephalopathy;Genetic leukoencephalopathies: mitochondrial disorders;Leigh syndrome ORPHA:2609,ORPHA:255241,OMIM:618224						
NDUFS8	1	BIALLELIC, autosomal or pseudoautosomal	Mitochondrial Leukoencephalopathy;Mitochondrial complex I disorders;Leigh syndrome due to mitochondrial complex I deficiency ORPHA:2609,ORPHA:255241,OMIM:618222						
NDUFV1	1	BIALLELIC, autosomal or pseudoautosomal	Mitochondrial Leukoencephalopathy ORPHA:2609,ORPHA:255241,OMIM:618225						
NEU1	1	autosomal recessive	Sialidosis ORPHA:93399,ORPHA:812,OMIM:256550,ORPHA:93400	progressive but also extraneuronal phenotype					
NHLRC1	1	BIALLELIC, autosomal or pseudoautosomal	"Epilepsy, progressive myoclonic 2B (Lafora)	ORPHA:501,OMIM:254780"						
NKX6-2	1	BIALLELIC, autosomal or pseudoautosomal	Spastic ataxia 8, autosomal recessive, with hypomyelinating leukodystrophy, ORPHA:527497,OMIM:617560						
NOTCH2NLC	1	autosomal dominant	Neuronal intranuclear inclusion disease OMIM:603472,OMIM:618866,OMIM:619473,ORPHA:98897,ORPHA:2289						
NPC1	1	BIALLELIC, autosomal or pseudoautosomal	Niemann-Pick disease types C1 and D (#257220)						
NPC2	1	BIALLELIC, autosomal or pseudoautosomal	Niemann-Pick disease type C2 (#607625) 	progressive, but CAVE: respiratory failure					
NRROS	1	BIALLELIC, autosomal or pseudoautosomal	Seizures, early-onset, with neurodegeneration and brain calcification 618875						
NUBPL	1	BIALLELIC, autosomal or pseudoautosomal	Mitochondrial Leukoencephalopathy;Mitochondrial complex I deficiency ORPHA:2609,OMIM:618242						
NUP62	1	autosomal recessive	Striatonigral degeneration, infantile OMIM:271930,ORPHA:225154						
OPA3	1	BIALLELIC, autosomal or pseudoautosomal	3-methylglutaconic aciduria, type III, 258501;Costeff syndrome ORPHA:67036,ORPHA:67047,OMIM:165300,OMIM:258501						
PAFAH1B1	1	MONOALLELIC, autosomal or pseudoautosomal, imprinted status unknown	Cerebral Malformation Disorders;Lissencephaly 1;Lissencephaly/Subcortical Band Heterotopia ORPHA:531,ORPHA:95232,OMIM:607432,ORPHA:217385						
PANK2	1	BIALLELIC, autosomal or pseudoautosomal	Dystonia;pantothenate kinase-associated neurodegeneration ORPHA:216866,ORPHA:216873,OMIM:234200,OMIM:607236						
PC	1	autosomal recessive	Pyruvate carboxylase deficiency OMIM:266150						
PCDH19	1	X-linked	Developmental and epileptic encephalopathy 9 ORPHA:33069,OMIM:300088,ORPHA:101039						
PCYT2	1	BIALLELIC, autosomal or pseudoautosomal	Complex hereditary spastic paraplegia;Spastic paraplegia 82, autosomal recessive, 618770						
PDGFB	1	MONOALLELIC, autosomal or pseudoautosomal, imprinted status unknown	Basal ganglia calcification, idiopathic, 5, 615483;Fahr syndrome ORPHA:2495,OMIM:607174,OMIM:615483,ORPHA:31112,ORPHA:1980,OMIM:213600						
PDHA1	1	X-LINKED: hemizygous mutation in males, monoallelic mutations in females may cause disease (may be less severe, later onset than males)	Pyruvate dehydrogenase E1-alpha deficiency ORPHA:255241,OMIM:312170,ORPHA:79243						
PEX10	1	BIALLELIC, autosomal or pseudoautosomal	Peroxisome-Associated Disorders & Zellweger Syndrome;PEROXISOME BIOGENESIS DISORDER COMPLEMENTATION GROUP 7;ZELLWEGER SYNDROME ORPHA:912,ORPHA:247815,OMIM:614870,ORPHA:772,ORPHA:44,OMIM:614871	progressive, extraneuronal manifestations					
PEX16	1	BIALLELIC, autosomal or pseudoautosomal	Peroxisome-Associated Disorders & Zellweger Syndrome;Peroxisome biogenesis disorder 8A, (Zellweger);Peroxisome biogenesis disorder 8B;PEROXISOME BIOGENESIS DISORDER COMPLEMENTATION GROUP 9 ORPHA:912,OMIM:614876,ORPHA:772,ORPHA:44,OMIM:614877						
PGAP1	1	BIALLELIC, autosomal or pseudoautosomal	Mental retardation, autosomal recessive 42, ORPHA:401820,OMIM:615802,ORPHA:88616, seizures, sleep disturbance	sometime seizures, progression?					
PHACTR1	1	autosomal dominant	Developmental and epileptic encephalopathy 70 OMIM:618298,ORPHA:3451	progressive?					
PHYH	1	autosomal recessive	OMIM:266500,ORPHA:773	progressive, eye and other neurological symptoms					
PI4KA	1	BIALLELIC, autosomal or pseudoautosomal	Polymicrogyria, perisylvian, with cerebellar hypoplasia and arthrogryposis, OMIM:616531,OMIM:619621,OMIM:619708,ORPHA:98889,ORPHA:436252	extraneuronal manifestation					
PIGP	1	autosomal recessive	Developmental and epileptic encephalopathy 55 ORPHA:1934,OMIM:617599	progressive?					
PITRM1	1	autosomal recessive	Spinocerebellar ataxia, autosomal recessive 30 OMIM:619405						
PLA2G6	1	BIALLELIC, autosomal or pseudoautosomal	"Infantile neuroaxonal dystrophy 1	256600;Neurodegeneration with brain iron accumulation 2B	610217;Parkinson disease 14, autosomal recessive	OMIM:610217,OMIM:612953,OMIM:256600,ORPHA:199351,ORPHA:35069"						
PLAA	1	autosomal recessive	Neurodevelopmental disorder with progressive microcephaly, spasticity, and brain anomalies OMIM:617527,ORPHA:521426						
PLCB1	1	autosomal recessive	Developmental and epileptic encephalopathy 12 ORPHA:3451,OMIM:613722						
PLP1	1	X-LINKED: hemizygous mutation in males, biallelic mutations in females	Pelizaeus-Merzbacher disease 312080;Spastic paraplegia 2, X-linked 312920 Edit ORPHA:280234,ORPHA:99015,ORPHA:280219,OMIM:312920,ORPHA:280224,OMIM:312080,ORPHA:280210,ORPHA:280229						
PNKP	1	BIALLELIC, autosomal or pseudoautosomal	Ataxia with oculomotor apraxia 4 ORPHA:1934,ORPHA:459033,OMIM:613402,OMIM:616267,OMIM:605589						
POLR3A	1	BIALLELIC, autosomal or pseudoautosomal	"Leukodystrophy, hypomyelinating, 7, with or without oligodontia and/or hypogonadotropic hypogonadism	607694;General Leukodystrophy & Mitochondrial Leukoencephalopathy ORPHA:447896,ORPHA:88637,ORPHA:3455,OMIM:607694,OMIM:264090"						
POLR3K	1	BIALLELIC, autosomal or pseudoautosomal	Leukodystrophy, hypomyelinating, 21, OMIM:619310						
PPP3CA	1	autosomal dominant	Developmental and epileptic encephalopathy 91 ORPHA:178469,ORPHA:442835,OMIM:617711,OMIM:618265						
PPT1	1	autosomal recessive	Ceroid lipofuscinosis, neuronal, 1 OMIM:256730						
PRNP	1	MONOALLELIC, autosomal or pseudoautosomal, NOT imprinted	 Cerebral amyloid angiopathy, PRNP-related 137440; Gerstmann-Straussler disease 137440; Huntington disease-like 1 603218; Creutzfeldt-Jakob disease 123400 ORPHA:280397,OMIM:603218,ORPHA:356,OMIM:600072,OMIM:606688,ORPHA:157941,ORPHA:282166,OMIM:123400,OMIM:137440						
PSAP	1	BIALLELIC, autosomal or pseudoautosomal	"Combined SAP deficiency	611721;Gaucher disease, atypical	610539;Krabbe disease, atypical	611722;Metachromatic leukodystrophy due to SAP-b deficiency	249900 ORPHA:206436,OMIM:610539,OMIM:611722,ORPHA:139406,OMIM:611721,OMIM:249900,ORPHA:309271,ORPHA:309256,ORPHA:309263,OMIM:619491"						
PSEN1	1	MONOALLELIC, autosomal or pseudoautosomal, NOT imprinted	Acne inversa, familial, 3, 613737;Alzheimer disease, type 3, 607822;Alzheimer disease, type 3, with spastic paraparesis and apraxia, 607822;Alzheimer disease, type 3, with spastic paraparesis and unusual plaques, 607822;Cardiomyopathy, dilated, 1U, 613694;Dementia, frontotemporal, 600274;Pick disease, 172700;Clinical syndrome Alzheimer disease ORPHA:154,ORPHA:1020,ORPHA:100070,OMIM:172700,ORPHA:275864,OMIM:607822,OMIM:613737,OMIM:613694,ORPHA:100069,OMIM:600274	for early onset and rapidly progressive considerations possible					
PSEN2	1	MONOALLELIC, autosomal or pseudoautosomal, NOT imprinted	Dementia  ORPHA:154,ORPHA:1020,OMIM:606889,OMIM:613697	for early onset and rapidly progressive considerations possible					
PYCR2	1	BIALLELIC, autosomal or pseudoautosomal	Leukodystrophy, hypomyelinating, 10  ORPHA:2512,ORPHA:481152,OMIM:616420						
QARS1	1	autosomal recessive	Microcephaly, progressive, seizures, and cerebral and cerebellar atrophy OMIM:615760						
RAB11B	1	MONOALLELIC, autosomal or pseudoautosomal, NOT imprinted	Neurodevelopmental disorder with ataxic gait, absent speech, and decreased cortical white matter, OMIM:617807						
RAB39B	1	X-LINKED: hemizygous mutation in males, biallelic mutations in females	Waisman syndrome 311510 ORPHA:777,OMIM:300271,ORPHA:2379,OMIM:311510						
RARB	1	both AR and AD	MCOPS12 OMIM:615524,ORPHA:2470						
RARS2	1	BIALLELIC, autosomal or pseudoautosomal	Pontocerebellar Hypoplasia type 6;Pontocerebellar Hypoplasia;Pontocerebellar hypoplasia, type 6, OMIM:611523						
RCBTB1	1	autosomal recessive	Retinal dystrophy with or without extraocular anomalies OMIM:617175	Progressive retinal dystrophy					
REPS1	1	autosomal recessive	OMIM:617916 Neurodegeneration with brain iron accumulation 7	NBIA					
RETREG1	1	autosomal recessive	Neuropathy, hereditary sensory and autonomic, type IIB OMIM:613115,ORPHA:970,OMIM:201300						
RHOBTB2	1	autosomal dominant	Developmental and epileptic encephalopathy 64 OMIM:618004						
RNASEH2A	1	BIALLELIC, autosomal or pseudoautosomal	Aicardi-Goutieres Syndrome;General Leukodystrophy & Mitochondrial Leukoencephalopathy OMIM:610333,ORPHA:51						
RNASEH2B	1	BIALLELIC, autosomal or pseudoautosomal	Aicardi-Goutieres syndrome 2, ORPHA:51,OMIM:610181						
RNASEH2C	1	BIALLELIC, autosomal or pseudoautosomal	Aicardi-Goutieres Syndrome 3;General Leukodystrophy & Mitochondrial Leukoencephalopathy OMIM:610329,ORPHA:51						
RNASET2	1	BIALLELIC, autosomal or pseudoautosomal	"Leukoencephalopathy, cystic, without megalencephaly	612951"						
RNF170	1	MONOALLELIC, autosomal or pseudoautosomal, imprinted status unknown	"	 OMIM:608984,OMIM:619686
SPASTIC PARAPLEGIA 85, AUTOSOMAL RECESSIVE; SPG85, Ataxia, sensory, 1, autosomal dominant "						
RNF216	1	BIALLELIC, autosomal or pseudoautosomal	Cerebellar ataxia and hypogonadotropic hypogonadism, OMIM:212840,ORPHA:1173						
ROGDI	1	autosomal recessive	Kohlschutter-Tonz syndrome ORPHA:1946,OMIM:226750						
RPGR	1	X-linked recessive	Cone-rod dystrophy, X-linked, 1 OMIM:300834,ORPHA:49382,OMIM:304020,OMIM:300455,OMIM:300029,ORPHA:244,ORPHA:791,ORPHA:1872	eye disorder					
RPGRIP1	1	autosomal recessive	Cone-rod dystrophy 13 ORPHA:564,ORPHA:1872,ORPHA:65,OMIM:608194,OMIM:613826	phenotype not severe enough?					
RTN2	1	MONOALLELIC, autosomal or pseudoautosomal, imprinted status unknown	Spastic paraplegia 12, autosomal dominant  ORPHA:100993,OMIM:604805						
SACS	1	BIALLELIC, autosomal or pseudoautosomal	Spastic ataxia, Charlevoix-Saguenay type ORPHA:98,OMIM:270550						
SBF2	1	autosomal recessive	Charcot-Marie-Tooth disease, type 4B2 ORPHA:99956,OMIM:604563						
SCARB2	1	BIALLELIC, autosomal or pseudoautosomal	Epilepsy, progressive myoclonic 4, with or without renal failure ORPHA:308,ORPHA:77259,OMIM:254900	rapdily progressive, renal failure					
SCN1A	1	MONOALLELIC, autosomal or pseudoautosomal, NOT imprinted	familial hemiplegic migraine 3;Dravet syndrome;several epilepsy, convulsion and migraine disorders. ORPHA:1942,OMIM:609634,OMIM:619317,ORPHA:33069,OMIM:607208,ORPHA:569,ORPHA:36387,OMIM:604403,ORPHA:2382	ASO already in development					
SCN1B	1	autosomal recessive	Developmental and epileptic encephalopathy 52 ORPHA:130,ORPHA:1934,OMIM:612838,ORPHA:33069,OMIM:617350,OMIM:615377,ORPHA:871,OMIM:604233,ORPHA:36387						
SCN2A	1	autosomal dominant	Developmental and epileptic encephalopathy 11 OMIM:607745,ORPHA:1934,ORPHA:33069,OMIM:618924,ORPHA:36387,OMIM:613721,ORPHA:3451,ORPHA:306						
SCN8A	1	MONOALLELIC, autosomal or pseudoautosomal, imprinted status unknown	Cognitive impairment with or without cerebellar ataxia, OMIM:614306;Developmental and epileptic encephalopathy 13, ORPHA:178469,OMIM:618364,ORPHA:442835,OMIM:614306,ORPHA:31709,OMIM:617080,ORPHA:306,OMIM:614558						
SDHB	1	BIALLELIC, autosomal or pseudoautosomal	Mitochondrial Leukoencephalopathy;Succinate dehydrogenase-deficient leukoencephalopathy;complex II deficiency ORPHA:44890,OMIM:115310,OMIM:606864,OMIM:606764,ORPHA:97286,OMIM:171300,ORPHA:29072,ORPHA:276621,OMIM:619224,ORPHA:201,ORPHA:3208						
SEMA6B	1	MONOALLELIC, autosomal or pseudoautosomal, NOT imprinted	Epilepsy, progressive myoclonic, 11 OMIM:618876	progressive					
SEPSECS	1	BIALLELIC, autosomal or pseudoautosomal	Pontocerebellar Hypoplasia type 2D;Pontocerebellar Hypoplasia;Pontocerebellar hypoplasia type 2D, OMIM:613811,ORPHA:2524						
SETBP1	1	autosomal dominant	Schinzel-Giedion midface retraction syndrome ORPHA:798,OMIM:269150,OMIM:616078,ORPHA:436151	extraneuronal manifestations					
SETX	1	MONOALLELIC, autosomal or pseudoautosomal, NOT imprinted	Amyotrophic lateral sclerosis 4, juvenile, OMIM:602433, ataxia with oculomotor apraxia type 2 (AOA2), juvenile amyotrophic lateral sclerosis (ALS4) and autosomal dominant ataxia;Ataxia-ocular apraxia-2 OMIM:602433,OMIM:606002,ORPHA:64753,ORPHA:357043						
SGCE	1	MONOALLELIC, autosomal or pseudoautosomal, maternally imprinted (paternal allele expressed)	Myoclonus-Dystonia;maternally imprinted Dystonia-11, myoclonic, 159900;Myoclonus dystonia syndrome OMIM:159900,ORPHA:36899						
SGSH	1	autosomal recessive	Mucopolysaccharidosis type IIIA (Sanfilippo A) OMIM:252900	extraneuronal manifestations					
SH3TC2	1	autosomal recessive	Charcot-Marie-Tooth disease, type 4C OMIM:613353,OMIM:601596,ORPHA:99949	slow progression?					
SIAT9	1	autosomal recessive	Salt and pepper developmental regression syndrome						
SIGMAR1	1	BIALLELIC, autosomal or pseudoautosomal	Amyotrophic lateral sclerosis 16, juvenile, ORPHA:300605,OMIM:614373,OMIM:605726						
SIL1	1	BIALLELIC, autosomal or pseudoautosomal	Marinesco-Sjogren syndrome, OMIM:248800,ORPHA:559	CAVE: muscle also affected					
SLC12A6	1	autosomal recessive	Agenesis of the corpus callosum with peripheral neuropathy OMIM:218000,ORPHA:1496						
SLC16A2	1	X-LINKED: hemizygous mutation in males, monoallelic mutations in females may cause disease (may be less severe, later onset than males)	Allan-Herndon-Dudley syndrome, OMIM:300523;General Leukodystrophy & Mitochondrial Leukoencephalopathy;Hypomyelinating Leukodystrophy & Pelizaeus-Merzbacher Disease;Monocarboxylate transporter 8 deficiency (MCT8) OMIM:300523,ORPHA:59						
SLC19A3	1	BIALLELIC, autosomal or pseudoautosomal	Thiamine metabolism dysfunction syndrome 2 (biotin- or thiamine-responsive encephalopathy type 2) ORPHA:263410,ORPHA:255241,OMIM:607483						
SLC1A2	1	autosomal dominant	Developmental and epileptic encephalopathy 41 ORPHA:442835,OMIM:617105	some patients do regress					
SLC1A4	1	BIALLELIC, autosomal or pseudoautosomal	Spastic tetraplegia, thin corpus callosum, and progressive microcephaly, ORPHA:447997,OMIM:616657						
SLC20A2	1	MONOALLELIC, autosomal or pseudoautosomal, imprinted status unknown	Basal ganglia calcification, idiopathic, 1, 213600;Familial Idiopathic Basal Ganglia Calcification;Fahr syndrome ORPHA:1980,OMIM:213600						
SLC25A15	1	BIALLELIC, autosomal or pseudoautosomal	Hyperornithinemia-hyperammonemia-homocitrullinemia syndrome, ORPHA:415,OMIM:238970	progressive					
SLC25A19	1	BIALLELIC, autosomal or pseudoautosomal	"Microcephaly, Amish type	607196;Thiamine metabolism dysfunction syndrome 4 (progressive polyneuropathy type)	OMIM:607196,OMIM:613710,ORPHA:99742"						
SLC25A22	1	autosomal recessive	Developmental and epileptic encephalopathy 3 ORPHA:1934,ORPHA:1935,OMIM:609304	severe phenotype					
SLC25A46	1	BIALLELIC, autosomal or pseudoautosomal	"Neuropathy, hereditary motor and sensory, type VIB	OMIM:619303,OMIM:616505"						
SLC2A1	1	BOTH monoallelic and biallelic, autosomal or pseudoautosomal	Dystonia 9, 601042;GLUT1 deficiency syndrome 1, infantile onset, severe, 606777;GLUT1 deficiency syndrome 2, childhood onset, 612126;Stomatin-deficient cryohydrocytosis with neurologic defects, 608885 OMIM:612126,OMIM:614847,OMIM:608885,ORPHA:1942,ORPHA:53583,ORPHA:168577,ORPHA:71277,OMIM:601042,ORPHA:64280,ORPHA:98811,OMIM:606777						
SLC33A1	1	MONOALLELIC, autosomal or pseudoautosomal, imprinted status unknown	Spastic paraplegia 42, autosomal dominant, ORPHA:171863,OMIM:612539,OMIM:614482						
SLC39A14	1	BIALLELIC, autosomal or pseudoautosomal	"Hypermanganesemia with dystonia 2	OMIM:617013,OMIM:144755,ORPHA:521406"						
SLC52A2	1	BIALLELIC, autosomal or pseudoautosomal	Brown-Vialetto-Van Laere syndrome 2, OMIM:614707						
SLC6A19	1	autsomal recessive	Hartnup disorder OMIM:138500,OMIM:242600,ORPHA:2116,OMIM:234500,ORPHA:42062						
SLC6A3	1	BIALLELIC, autosomal or pseudoautosomal	Parkinsonism-dystonia, infantile, 613135;Dopamine transporter deficiency OMIM:613135,ORPHA:238455						
SLC9A1	1	autosomal recessive	Lichtenstein-Knorr syndrome OMIM:616291						
SLC9A6	1	X-LINKED: hemizygous mutation in males, monoallelic mutations in females may cause disease (may be less severe, later onset than males)	Mental retardation, X-linked syndromic, Christianson type, ORPHA:85278,OMIM:300243						
SMC1A	1	X-linked dominant	Developmental and epileptic encephalopathy 85, with or without midline brain defects OMIM:301044,ORPHA:220386,OMIM:300590,ORPHA:3095,ORPHA:199	congenital heart defects in some patients, X-inactivation escape gene	potentially but currently nothing described				
SMN1	1	BIALLELIC, autosomal or pseudoautosomal	Spinal muscular atrophy 1, OMIM:253300;Spinal muscular atrophy 2, OMIM:253550;Spinal muscular atrophy 3, OMIM:253400;Spinal muscular atrophy 4, OMIM:271150 OMIM:271150,OMIM:253550,OMIM:253400,OMIM:253300	nusinersen already available on the market					
SMPD1	1	autosomal recessive	Niemann-Pick disease, type A ORPHA:77293,OMIM:257200,OMIM:607616						
SNORD118	1	BIALLELIC, autosomal or pseudoautosomal	614561;Leukoencephalopathy, brain calcifications and cysts, 614561						
SNX14	1	BIALLELIC, autosomal or pseudoautosomal	Spinocerebellar ataxia, autosomal recessive 20,  ORPHA:397709,OMIM:616354	progressive cerebellar atrophy					
SOX10	1	MONOALLELIC, autosomal or pseudoautosomal, imprinted status unknown	General Leukodystrophy & Mitochondrial Leukoencephalopathy;peripheral demyelinating neuropathy, central dysmyelinating leukodystrophy;PERIPHERAL DEMYELINATING NEUROPATHY, CENTRAL DYSMYELINATING LEUKODYSTROPHY, WAARDENBURG SYNDROME, AND HIRSCHSPRUNG DISEASE ORPHA:895,OMIM:609136,OMIM:611584,OMIM:613266,ORPHA:478,ORPHA:163746,ORPHA:897						
SPART	1	BIALLELIC, autosomal or pseudoautosomal	Troyer syndrome, OMIM:275900;Spastic paraplegia 20 OMIM:275900,ORPHA:101000						
SPAST	1	MONOALLELIC, autosomal or pseudoautosomal, imprinted status unknown	Spastic paraplegia 4, autosomal dominant  OMIM:182601,ORPHA:100985						
SPTAN1	1	autosomal dominant	Developmental and epileptic encephalopathy 5 OMIM:613477,ORPHA:3451						
SPTLC2	1	autosomal dominant	Neuropathy, hereditary sensory and autonomic, type IC ORPHA:36386,OMIM:613640	progressive disorder					
SQSTM1	1	autosomal dominant	ORPHA:803,OMIM:167250,ORPHA:275864,ORPHA:603,OMIM:616437,OMIM:617145,ORPHA:275872,OMIM:617158 Frontotemporal dementia and/or amyotrophic lateral sclerosis 3	ALS progressive					
STUB1	1	BIALLELIC, autosomal or pseudoautosomal	Spinocerebellar ataxia, autosomal recessive 16  OMIM:615768,ORPHA:412057,OMIM:618093						
STXBP1	1	autosomal dominant	Developmental and epileptic encephalopathy 4 ORPHA:495818,OMIM:612164						
SUMF1	1	BIALLELIC, autosomal or pseudoautosomal	General Leukodystrophy & Mitochondrial Leukoencephalopathy;Multiple sulfatase deficiency OMIM:272200,ORPHA:585						
SUOX	1	BIALLELIC, autosomal or pseudoautosomal	Sulfite oxidase deficiency OMIM:272300	described as progressive					
SURF1	1	BIALLELIC, autosomal or pseudoautosomal	Mitochondrial Leukoencephalopathy;Mitochondrial complex IV disorder;Leigh syndrome, due to COX IV deficiency OMIM:220110,ORPHA:255241,ORPHA:70474,OMIM:616684						
SYNJ1	1	BIALLELIC, autosomal or pseudoautosomal	"juvenile Parkinsonism;Parkinson disease 20, early-onset, 	Developmental and epileptic encephalopathy 53 OMIM:617389,ORPHA:391411,ORPHA:442835,ORPHA:2828,OMIM:615530"						
SZT2	1	autosomal recessive	Developmental and epileptic encephalopathy 18 OMIM:615476,ORPHA:442835						
TBC1D24	1	autosomal recessive	Developmental and epileptic encephalopathy 16 ORPHA:352596,ORPHA:352582,OMIM:608105,OMIM:615338,ORPHA:79500,OMIM:614617,ORPHA:163727,OMIM:605021,OMIM:220500,OMIM:616044						
TBCD	1	autosomal recessive	Encephalopathy, progressive, early-onset, with brain atrophy and thin corpus callosum OMIM:617193,ORPHA:496641						
TBCE	1	autosomal recessive	Encephalopathy, progressive, with amyotrophy and optic atrophy						
TFG	1	BIALLELIC, autosomal or pseudoautosomal	Spastic paraplegia 57, autosomal recessive, OMIM:615658,OMIM:604484,ORPHA:90117,ORPHA:431329						
TH	1	BIALLELIC, autosomal or pseudoautosomal	Segawa syndrome, recessive, 605407;paediatric form of dopa responsive dystonia;Segawa syndrome;DOPA-responsive dystonia ORPHA:101150,OMIM:605407						
THAP1	1	MONOALLELIC, autosomal or pseudoautosomal, NOT imprinted	Dystonia;Dystonia 6, torsion, ORPHA:98806,OMIM:602629						
TIMM8A	1	x-linked recessive	Mohr-Tranebjaerg syndrome OMIM:304700,ORPHA:52368						
TNK2	1	autosomal recessive	Infantile-onset mesial temporal lobe epilepsy with severe cognitive regression						
TPP1	1	BIALLELIC, autosomal or pseudoautosomal	Ceroid lipofuscinosis, neuronal, 2, 204500;Spinocerebellar ataxia, autosomal recessive 7, OMIM:204500,OMIM:609270,ORPHA:284324						
TRAK1	1	autosomal recessive	Developmental and epileptic encephalopathy 68 ORPHA:442835,OMIM:618201						
TRAPPC12	1	autosomal recessive	Encephalopathy, progressive, early-onset, with brain atrophy and spasticity OMIM:617669,ORPHA:500144						
TRAPPC2L	1	autosomal recessive	Encephalopathy, progressive, early-onset, with episodic rhabdomyolysis OMIM:618331						
TREM2	1	BIALLELIC, autosomal or pseudoautosomal	Calcifications in basal ganglia;Nasu-Hakola disease;Polycystic lipomembranous osteodysplasia with sclerosing leukoencephalopathy (PLOSL) ORPHA:1020,ORPHA:100070,ORPHA:803,ORPHA:2770,ORPHA:275864,OMIM:618193,ORPHA:100069	goes in stages					
TREX1	1	BOTH monoallelic and biallelic, autosomal or pseudoautosomal	Aicardi-Goutieres syndrome 1, dominant and recessive;Aicardi-Gouti res syndrome, isolated chilblains, lupus-like disease, retinal vasculopathy with cerebral leukodystrophy OMIM:192315,ORPHA:51,ORPHA:247691,OMIM:610448,OMIM:152700,OMIM:225750						
TRPC3	1	autosomal dominant	Spinocerebellar ataxia 41 OMIM:616410,ORPHA:458798						
TRPM7	1	autosomal dominant	Amyotrophic lateral sclerosis-parkinsonism/dementia complex, susceptibility to OMIM:105500						
TSEN15	1	BIALLELIC, autosomal or pseudoautosomal	Pontocerebellar hypoplasia, type 2F, OMIM:617026,ORPHA:2524						
TSEN2	1	BIALLELIC, autosomal or pseudoautosomal	Pontocerebellar Hypoplasia type 2B;Pontocerebellar Hypoplasia;Pontocerebellar hypoplasia type 2B,OMIM:612389,ORPHA:2524						
TSEN54	1	BIALLELIC, autosomal or pseudoautosomal	Pontocerebellar hypoplasia type 2A, OMIM:277470;Pontocerebellar hypoplasia type 4, OMIM:225753 OMIM:277470,ORPHA:2524,ORPHA:166063,OMIM:610204,OMIM:225753						
TTBK2	1	MONOALLELIC, autosomal or pseudoautosomal, imprinted status unknown	Spinocerebellar ataxia 11  OMIM:604432,ORPHA:98767						
TTC19	1	BIALLELIC, autosomal or pseudoautosomal	Mitochondrial complex III deficiency, nuclear type 2, 615157						
TUBB4A	1	MONOALLELIC, autosomal or pseudoautosomal, imprinted status unknown	Dystonia 4, torsion, autosomal dominant, 128101;Leukodystrophy, hypomyelinating, 6, 612438;Leukodystrophy, hypomyelinating 6;General Leukodystrophy & Mitochondrial Leukoencephalopathy OMIM:612438,ORPHA:98805,OMIM:128101						
TUFM	1	BIALLELIC, autosomal or pseudoautosomal	Mitochondrial Leukoencephalopathy OMIM:610678						
TWNK	1	BOTH monoallelic and biallelic, autosomal or pseudoautosomal	Spinocerebellar Ataxia, Recessive;Ataxia Neuropathy Spectrum Disorders, Dominant;Progressive external ophthalmoplegia with mitochondrial DNA deletions, autosomal dominant 3, 609286;Perrault syndrome 5, 616138;Mitochondrial DNA depletion syndrome 7 (hepatocerebral type), 271245 Mitochondrial Leukoencephalopathy; General Leukodystrophy & Mitochondrial Leukoencephalopathy;Mitochondrial DNA depletion syndrome 7 ORPHA:70595,OMIM:607459,OMIM:616138,OMIM:609286,ORPHA:254892,ORPHA:1186,OMIM:271245						
TYROBP	1	BIALLELIC, autosomal or pseudoautosomal	Dementia  OMIM:221770,ORPHA:2770						
UBAP1	1	MONOALLELIC, autosomal or pseudoautosomal, imprinted status unknown	Hereditary spastic paraplegia ORPHA:100993,OMIM:618418						
UBQLN2	1	X-LINKED: hemizygous mutation in males, monoallelic mutations in females may cause disease (may be less severe, later onset than males)	Amyotrophic Lateral Sclerosis, Dominant;Amyotrophic lateral sclerosis 15, with or without frontotemporal dementia, ORPHA:803,OMIM:300857						
UBTF	1	autosomal dominant	Neurodegeneration, childhood-onset, with brain atrophy OMIM:617672,ORPHA:500180						
UCHL1	1	BIALLELIC, autosomal or pseudoautosomal	Spastic paraplegia 79, autosomal recessive, ORPHA:2828,OMIM:613643,OMIM:615491						
VAC14	1	BIALLELIC, autosomal or pseudoautosomal	"Striatonigral degeneration, childhood-onset	ORPHA:3472,OMIM:617054"						
VAPB	1	MONOALLELIC, autosomal or pseudoautosomal, imprinted status unknown	Spinal muscular atrophy, late-onset, Finkel type, OMIM:182980;Amyotrophic lateral sclerosis 8, ORPHA:803,OMIM:608627,OMIM:182980						
VCP	1	MONOALLELIC, autosomal or pseudoautosomal, imprinted status unknown	Amyotrophic lateral sclerosis 14, with or without frontotemporal dementia, 613954;Amyotrophic Lateral Sclerosis, Dominant;familial amyotrophic lateral sclerosis (ALS14) ORPHA:52430,ORPHA:329475,ORPHA:100070,ORPHA:803,ORPHA:275864,ORPHA:329478,ORPHA:435387,OMIM:167320,OMIM:616687,OMIM:613954,ORPHA:275872						
VPS13A	1	BIALLELIC, autosomal or pseudoautosomal	Choreoacanthocytosis ORPHA:2388,OMIM:200150						
VPS13D	1	BIALLELIC, autosomal or pseudoautosomal	Spinocerebellar ataxia, autosomal recessive 4, ORPHA:95434,OMIM:607317						
VPS53	1	BIALLELIC, autosomal or pseudoautosomal	Pontocerebellar Hypoplasia type 2E;Pontocerebellar Hypoplasia OMIM:615851						
VRK1	1	BIALLELIC, autosomal or pseudoautosomal	Pontocerebellar Hypoplasia type 1A; Pontocerebellar Hypoplasia with infantile SMA; Pontocerebellar Hypoplasia with anterior horn cell disease;Pontocerebellar Hypoplasia;Pontocerebellar hypoplasia type 1A,OMIM:607596	respiratory insufficiency					
WASHC5	1	MONOALLELIC, autosomal or pseudoautosomal, imprinted status unknown	Spastic paraplegia 8, autosomal dominant, ORPHA:7,OMIM:603563,ORPHA:100989,OMIM:220210						
WDR45	1	X-LINKED: hemizygous mutation in males, monoallelic mutations in females may cause disease (may be less severe, later onset than males)	"Neurodegeneration with brain iron accumulation 5	ORPHA:329284,OMIM:300894,OMIM:615179,ORPHA:3451"						
WDR45B	1	BIALLELIC, autosomal or pseudoautosomal	Neurodevelopmental disorder with spastic quadriplegia and brain abnormalities with or without seizures, OMIM:617977						
WWOX	1	BIALLELIC, autosomal or pseudoautosomal	Autosomal recessive spinocerebellar ataxia 12, OMIM:133239,ORPHA:442835,ORPHA:284282,ORPHA:251510,OMIM:616211,OMIM:614322,ORPHA:99977						
XPR1	1	MONOALLELIC, autosomal or pseudoautosomal, NOT imprinted	Basal ganglia calcification (Fahr syndrome);Basal ganglia calcification, idiopathic, 6, OMIM:616413,ORPHA:1980						
XRCC1	1	BIALLELIC, autosomal or pseudoautosomal	Spinocerebellar ataxia, autosomal recessive 26, OMIM:617633						
ZFYVE26	1	BIALLELIC, autosomal or pseudoautosomal	Spastic paraplegia 15, autosomal recessive  ORPHA:100996,OMIM:270700						
ZNHIT3	1	autosomal recessive	PEHO syndrome ORPHA:2836,OMIM:260565						
AAAS	2	BIALLELIC, autosomal or pseudoautosomal	Achalasia-addisonianism-alacrimia syndrome, OMIM:231550;Triple-A syndrome, MONDO:0009279						
AASS	2	BIALLELIC, autosomal or pseudoautosomal	Hyperlysinemia, OMIM:238700;Hyperlysinemia (disease), MONDO:0009388	quite benign					
ABAT	2	BIALLELIC, autosomal or pseudoautosomal	GABA-transaminase deficiency 613163	progressive?					
ABCA2	2	BIALLELIC, autosomal or pseudoautosomal	Intellectual developmental disorder with poor growth and with or without seizures or ataxia, OMIM:618808;Intellectual developmental disorder with poor growth and with or without seizures or ataxia, MONDO:0032930	progressive?					
ABCA5	2	autosomal recessive	Hypertrichosis terminalis, generalized, with or without gingival hyperplasia, ORPHA:2026,OMIM:135400	patients can have neurological signs --> depends on severity, progressive?					
ABCC8	2	autsosomal dominant and autosomal recesive	OMIM:125853,ORPHA:79134,OMIM:240800,ORPHA:99885,OMIM:618857,OMIM:610374,ORPHA:552,OMIM:256450,ORPHA:99886,ORPHA:276575	neurological involvement, progressive?, but also diabetes					
ACADM	2	BIALLELIC, autosomal or pseudoautosomal	MEDIUM CHAIN ACYL-COENZYME A DEHYDROGENASE DEFICIENCY	extraneuralphenotype, dietary treatment possible					
ACADSB	2	BIALLELIC, autosomal or pseudoautosomal	2-methylbutyrylglycinuria, 610006	dietary treatment possible					
ACTB	2	autosomal dominant	Dystonia, juvenile-onset OMIM:607371;developmental malformations-deafness-dystonia syndrome MONDO:0011823;Baraitser-Winter syndrome 1 OMIM:243310;Baraitser-Winter syndrome 1 MONDO:0009470						
ACTL6A	2	MONOALLELIC, autosomal or pseudoautosomal, imprinted status unknown	developmental delay; intellectual disability						
ACTL6B	2	autosomal recessive and autosomal dominant	Developmental and epileptic encephalopathy 76	progressive?					
ACVRL1	2	autosomal dominant	Telangiectasia, hereditary hemorrhagic, type 2, OMIM:600376,ORPHA:774	seizures, progressive?					
ACY1	2	BIALLELIC, autosomal or pseudoautosomal	Aminoacylase 1 deficiency, 609924;AMINOACYLASE-1 DEFICIENCY	psychomotor retardation, some patients do not develop symptoms					
ADAM22	2	autosomal recessive	Developmental and epileptic encephalopathy 61	rapidly progressive during first year, stable thereafter					
ADCY5	2	MONOALLELIC, autosomal or pseudoautosomal, NOT imprinted	Dyskinesia, familial, with facial myokymia, 606703; dystonia	slowly progressive, cardiomyopathy in some patients					
ADD3	2	BIALLELIC, autosomal or pseudoautosomal	Cerebral palsy, spastic quadriplegic, 3, MIM#617008	progressive?					
ADGRG1	2	BIALLELIC, autosomal or pseudoautosomal	Polymicrogyria, bilateral frontoparietal  606854  	severity?					
ADGRL1	2	autosomal dominant	ORPHA:528084 Developmental delay, behavioral abnormalities, and neuropsychiatric disorders	severity?					
ADNP	2	MONOALLELIC, autosomal or pseudoautosomal, NOT imprinted	MENTAL RETARDATION, AUTOSOMAL DOMINANT, 28; MRD28, Helsmoortel-van der Aa syndrome	progressive? Variable extraneurologic features					
ADORA2A	2	unknown	ORPHA:363549 Acute encephalopathy with biphasic seizures and late reduced diffusion	progressive? Seizure syndrome					
ADRA2B	2	autosomal-dominant	ORPHA:86814 Benign adult familial myoclonic epilepsy	progressive?					
AFF2	2	X-LINKED: hemizygous mutation in males, biallelic mutations in females	Mental retardation, X-linked, FRAXE type, 309548; FRAXE Syndrome;FRAGILE X-E MENTAL RETARDATION SYNDROME (FRAXE)	progressive? Behavioural phenotype potentially amenable					
AFF3	2	MONOALLELIC, autosomal or pseudoautosomal, imprinted status unknown	Intellectual disability;Seizures;KINSSHIP syndrome	extraneuronal phenotype too severe?					
AFF4	2	MONOALLELIC, autosomal or pseudoautosomal, NOT imprinted	"CORNELIA DE LANGE-LIKE SYNDROME, 	CHOPS syndrome"	progressive?					
AGO2	2	MONOALLELIC, autosomal or pseudoautosomal, NOT imprinted	Intellectual disability;regression;seizures	progressive?					
AGXT	2	BIALLELIC, autosomal or pseudoautosomal	Hyperoxaluria, primary, type 1, 259900	progressive disease but patients die of liver failure					
AHCY	2	BIALLELIC, autosomal or pseudoautosomal	Hypermethioninemia with deficiency of S-adenosylhomocysteine hydrolase, 613752	regression reported					
AHDC1	2	MONOALLELIC, autosomal or pseudoautosomal, NOT imprinted	XIA-GIBBS SYNDROME	progressive? Syndrome might not be severe enough					
AHI1	2	BIALLELIC, autosomal or pseudoautosomal	Joubert syndrome 3  608629	progressive? Extraneuronal manifestation					
AHSG	2	autosomal recessive	Alopecia-intellectual disability syndrome 1 OMIM:203650,ORPHA:2850	progressive? Sever mental retardation					
AKT3	2	MONOALLELIC, autosomal or pseudoautosomal, NOT imprinted	Megalencephaly-polymicrogyria-polydactyly-hydrocephalus syndrome 2 615937	progressive? Syndrome might not be severe enough					
ALDH3A2	2	BIALLELIC, autosomal or pseudoautosomal	Sjogren-Larsson syndrome, OMIM:270200;General Leukodystrophy & Mitochondrial Leukoencephalopathy						
ALDH4A1	2	BIALLELIC, autosomal or pseudoautosomal	Hyperprolinemia, type II, 239510;HYPERPROLINEMIA TYPE 2 (HP-2)	syndrome might not be severe enough					
ALDH5A1	2	BIALLELIC, autosomal or pseudoautosomal	Succinic semialdehyde dehydrogenase deficiency OMIM:271980;succinic semialdehyde dehydrogenase deficiency MONDO:0010083	slowly progressive					
ALDH6A1	2	autosomal recessive	Methylmalonate semialdehyde dehydrogenase deficiency OMIM:614105						
ALDH7A1	2	BIALLELIC, autosomal or pseudoautosomal	Epilepsy, pyridoxine-dependent 266100	progressive?					
ALG11	2	BIALLELIC, autosomal or pseudoautosomal	Congenital disorder of glycosylation, type Ip	progressive?					
ALG12	2	BIALLELIC, autosomal or pseudoautosomal	CONGENITAL DISORDER OF GLYCOSYLATION TYPE 1G (CDG1G)	progressive? Severe extraneural features					
ALG2	2	autosomal recessive	CONGENITAL DISORDER OF GLYCOSYLATION, TYPE Ii; CDG1I ORPHA:353327,OMIM:616228,OMIM:607906,ORPHA:79326	progressive?					
ALG3	2	BIALLELIC, autosomal or pseudoautosomal	Congenital disorder of glycosylation, type Id 601110	progressive?					
ALG6	2	BIALLELIC, autosomal or pseudoautosomal	Congenital disorder of glycosylation, type Ic 603147						
ALG9	2	BIALLELIC, autosomal or pseudoautosomal	Congenital disorder of glycosylation type Il 608776						
ALMS1	2	BIALLELIC, autosomal or pseudoautosomal	ALSTROM SYNDROME, 203800						
ALPK1	2	autosomal dominant	ROSAH syndrome OMIM:614979						
AMACR	2	autosomal recessive	ALPHA-METHYLACYL-CoA RACEMASE DEFICIENCY; AMACRD ORPHA:79095,OMIM:214950,OMIM:614307						
AMER1	2	X-LINKED: hemizygous mutation in males, monoallelic mutations in females may cause disease (may be less severe, later onset than males)	Osteopathia striata with cranial sclerosis 300373	seizures					
AMT	2	BIALLELIC, autosomal or pseudoautosomal	Glycine encephalopathy 605899	progressive?					
ANGPTL6	2	autosomal	Familial cerebral saccular aneurysm ORPHA:231160						
ANK3	2	autosomal recessive	Intellectual developmental disorder, autosomal recessive 37 OMIM:615493,ORPHA:356996						
ANKLE2	2	autosomal recessive	Microcephaly 16, primary, autosomal recessive ORPHA:2512,OMIM:616681						
ANKRD11	2	MONOALLELIC, autosomal or pseudoautosomal, NOT imprinted	KBG syndrome, 148050						
ANKRD17	2	MONOALLELIC, autosomal or pseudoautosomal, NOT imprinted	Intellectual disability, speech delay, and dysmorphism	not known to be progressive					
ANTXR1	2	BIALLELIC, autosomal or pseudoautosomal	{Hemangioma, capillary infantile, susceptibility to}, 602089; GAPO syndrome, 230740	epilepsy in some patients					
AP1G1	2	MONOALLELIC, autosomal or pseudoautosomal, imprinted status unknown	Neurodevelopmental disorder (NDD);Intellectual Disability;Epilepsy	progressive?					
AP1S1	2	BIALLELIC, autosomal or pseudoautosomal	MEDNIK syndrome, 609313;MEDNIK syndrome;mental retardation, enteropathy, deafness, peripheral neuropathy, ichthyosis and keratoderma syndrome	severe extraneuronal phenotype					
AP2M1	2	MONOALLELIC, autosomal or pseudoautosomal, imprinted status unknown	Intellectual developmental disorder 60 with seizures, 618587;Seizures;Ataxia;Generalized hypotonia;Intellectual disability;Global developmental delay;Autistic behavior	no regression with seizure onset					
AP3D1	2	autosomal recessive	Hermansky-Pudlak syndrome 10 OMIM:617050,ORPHA:54,ORPHA:1000	lack of developmental progress					
AP4B1	2	BIALLELIC, autosomal or pseudoautosomal	Spastic paraplegia 47, autosomal recessive, OMIM:614066;Hereditary spastic paraplegia 47, MONDO:0013551	slowly progressive					
AP4M1	2	BIALLELIC, autosomal or pseudoautosomal	Spastic paraplegia 50, autosomal recessive 	minimally progressive					
APC2	2	BIALLELIC, autosomal or pseudoautosomal	Cortical dysplasia, complex, with other brain malformations 10 OMIM:618677	progressive?					
APOB	2	autosomal recessive	HYPOBETALIPOPROTEINEMIA, FAMILIAL, 1; FHBL1 OMIM:144010,OMIM:615558,ORPHA:391665	ataxia					
APOL2	2	autosomal dominant	Schizophrenia OMIM:181500						
APOL4	2	autosomal dominant	Schizophrenia OMIM:181500						
ARCN1	2	MONOALLELIC, autosomal or pseudoautosomal, NOT imprinted	Short stature, rhizomelic, with microcephaly, micrognathia, and developmental delay, 617164	quite severe extraneuronal phenotype					
ARF1	2	MONOALLELIC, autosomal or pseudoautosomal, NOT imprinted	Periventricular nodular heterotopia 8, OMIM:618185	regression described 					
ARF3	2	MONOALLELIC, autosomal or pseudoautosomal, imprinted status unknown	Global developmental delay;Intellectual disability, MONDO:0001071;Seizures;Morphological abnormality of the central nervous system;microcephaly, MONDO:0001149						
ARFGEF1	2	MONOALLELIC, autosomal or pseudoautosomal, NOT imprinted	Intellectual disability, MONDO:0001071;Epilepsy, MONDO:0005027	progressive?					
ARFGEF2	2	BIALLELIC, autosomal or pseudoautosomal	Periventricular heterotopia with microcephaly 608097						
ARHGAP31	2	autosomal dominant	Adams-Oliver syndrome 1 OMIM:100300,ORPHA:974	progressive?					
ARHGAP35	2	MONOALLELIC, autosomal or pseudoautosomal, NOT imprinted	Developmental disorder	Abnormality of the nervous system described but mainly non-neuronal					
ARHGEF2	2	autsomal recessive	Neurodevelopmental disorder with midbrain and hindbrain malformations OMIM:617523	progressive? Phenotype milder					
ARID1A	2	MONOALLELIC, autosomal or pseudoautosomal, NOT imprinted	Mental retardation, autosomal dominant 14, 614607;COFFIN-SIRIS SYNDROME; CSS						
ARID1B	2	MONOALLELIC, autosomal or pseudoautosomal, NOT imprinted	Coffin-Siris syndrome 1, 135900	progressive?					
ARID2	2	MONOALLELIC, autosomal or pseudoautosomal, imprinted status unknown	Coffin-Siris syndrome 6, 617808;ARID2-Coffin-Siris like disorder						
ARL13B	2	BIALLELIC, autosomal or pseudoautosomal	Joubert syndrome 8, 612291;Intellectual disability	phenotype might not be severe enough, progressive?					
ARL6IP1	2	autsomal recessive	Spastic paraplegia 61, autosomal recessive OMIM:615685,ORPHA:401780	progressive?					
ARL6IP6	2		Cutis marmorata telangiectatica congenita ORPHA:1556	extraneuronal phenotype					
ARMC9	2	BIALLELIC, autosomal or pseudoautosomal	Joubert syndrome; Intellectual Disability	progressive?					
ARNT2	2	autosomal recessive	Webb-Dattani syndrome ORPHA:3157,OMIM:615926						
ARPC4	2	autosomal dominant	Developmental delay, language impairment, and ocular abnormalities	phenotype might be too mild					
ASCL1	2	autosomal dominant	ORPHA:99803 Ondine syndrome	progressive?					
ASH1L	2	MONOALLELIC, autosomal or pseudoautosomal, NOT imprinted	Mental retardation, autosomal dominant 52, 617796;intellectual disability	progressive? A case with developmental regression described					
ASL	2	BIALLELIC, autosomal or pseudoautosomal	Argininosuccinic aciduria 207900	progressive?					
ASS1	2	BIALLELIC, autosomal or pseudoautosomal	Citrullinemia, 215700;intellectual disability	progressive? Neonatal onset					
ASXL2	2	MONOALLELIC, autosomal or pseudoautosomal, imprinted status unknown	Shashi-Pena syndrome 617190	progressive?					
ATAD3A	2	BIALLELIC, autosomal or pseudoautosomal	Harel-Yoon syndrome, OMIM:617183;Pontocerebellar hypoplasia, hypotonia, and respiratory insufficiency syndrome, neonatal lethal, OMIM:618810	described as progressive in one case report					
ATCAY	2	BIALLELIC, autosomal or pseudoautosomal	Ataxia, cerebellar, Cayman type OMIM:601238;Cayman type cerebellar ataxia MONDO:0011025	nonprogressive?					
ATIC	2	BIALLELIC, autosomal or pseudoautosomal	AICA-ribosiduria due to ATIC deficiency, 608688;AICA-RIBOSURIA (AICAR)	progressive? 					
ATL1	2	MONOALLELIC, autosomal or pseudoautosomal, imprinted status unknown	Spastic paraplegia 3A, autosomal dominant, ;Spastic Paraplegia, Dominant ;Spastic paraplegia 3A, autosomal dominant	variable progression					
ATL3	2	autsomal dominant	"ORPHA:36386,OMIM:615632 	Neuropathy, hereditary sensory, type IF"	progressive? Phenotype might not be severe enough					
ATN1	2	MONOALLELIC, autosomal or pseudoautosomal, imprinted status unknown	Congenital hypotonia, epilepsy, developmental delay, and digital anomalies, OMIM:618494	described as non-progressive, another associated disorder is a dementia with onset at 30 years					
ATP11A	2	MONOALLELIC, autosomal or pseudoautosomal, NOT imprinted	Neurodevelopmental disorder	progressive?					
ATP13A2	2	BIALLELIC, autosomal or pseudoautosomal	Adult-onset lower-limb predominant spastic paraparesis;Spastic paraplegia 78, autosomal recessive, 617225;complicated hereditary spastic paraplegia						
ATP1A1	2	MONOALLELIC, autosomal or pseudoautosomal, imprinted status unknown	Hypomagnesemia;Seizures;Intellectual disability	progressive?					
ATP2A2	2	autsomal dominant	"OMIM:124200,OMIM:101900,ORPHA:79151,ORPHA:218 	Darier disease"	progressive? Phenotype might be too mild					
ATP5F1D	2	autosomal recessive	OMIM:618120 Mitochondrial complex V (ATP synthase) deficiency	progressive? Limited phenotypic information available					
ATP5MK	2	autosomal recessive	OMIM:618683 Mitochondrial complex V (ATP synthase) deficiency, nuclear type 6	episodic regression					
ATP9A	2	BIALLELIC, autosomal or pseudoautosomal	Global developmental delay;Intellectual disability;Postnatal microcephaly;Failure to thrive;Abnormality of the abdomen	progressive?					
ATR	2	BIALLELIC, autosomal or pseudoautosomal	Seckel syndrome 1, 210600Cutaneous telangiectasia and cancer syndrome, familial, 614564;SECKEL SYNDROME TYPE 1 (SCKL1)	progressive?					
ATRX	2	X-LINKED: hemizygous mutation in males, monoallelic mutations in females may cause disease (may be less severe, later onset than males)	Alpha-thalassemia/mental retardation syndrome, 301040;Mental retardation-hypotonic facies syndrome, X-linked, 309580	progressive? Seizures not in all patients					
B4GALNT1	2	BIALLELIC, autosomal or pseudoautosomal	Spastic paraplegia 26, autosomal recessive 	slowly progressive					
BAP1	2	autosomal dominant	OMIM:606661,ORPHA:2495,ORPHA:39044,ORPHA:50251,OMIM:614327,ORPHA:528084,OMIM:619762,ORPHA:618	progressive?					
BAZ1B	2	autosomal dominant	ORPHA:904 Williams syndrome	progressive?					
BBS10	2	BIALLELIC, autosomal or pseudoautosomal	Bardet-Biedl syndrome 10, 209900;BARDET-BIEDL SYNDROME TYPE 10 (BBS10)	questionable if clinical manifestation is treatable, progressive?					
BBS12	2	BIALLELIC, autosomal or pseudoautosomal	Bardet-Biedl syndrome 12, 209900;BARDET-BIEDL SYNDROME TYPE 12 (BBS12)	progressive?					
BBS5	2	BIALLELIC, autosomal or pseudoautosomal	Bardet-Biedl syndrome 5, 209900;BARDET-BIEDL SYNDROME TYPE 5 (BBS5)	progressive?					
BBS7	2	BIALLELIC, autosomal or pseudoautosomal	Bardet-Biedl syndrome 7, 209900;BARDET-BIEDL SYNDROME TYPE 7 (BBS7)	progressive?					
BBS9	2	BIALLELIC, autosomal or pseudoautosomal	Bardet-Biedl syndrome 9, 209900;BARDET-BIEDL SYNDROME TYPE 9 (BBS9)	progressive?					
BCAP31	2	X-LINKED: hemizygous mutation in males, biallelic mutations in females	Deafness, dystonia and cerebellar hypomyelination, 300475;DEAFNESS, DYSTONIA, AND CENTRAL HYPOMYELINATION WITH DISORGANIZATION OF THE GOLGI APPARATUS	progressive?					
BCKDK	2	BIALLELIC, autosomal or pseudoautosomal	Branched-chain ketoacid dehydrogenase kinase deficiency, 614923;Intellectual disability	progressive? Severity of phenotype?					
BCORL1	2	X-LINKED: hemizygous mutation in males, monoallelic mutations in females may cause disease (may be less severe, later onset than males)	Shukla-Vernon syndrome, 301029	progressive?					
BDNF	2		ORPHA:661,ORPHA:893	different associated disorders					
BEAN1	2	autosomal dominant	OMIM:117210,ORPHA:217012	slowly progressive					
BICD2	2	MONOALLELIC, autosomal or pseudoautosomal, NOT imprinted	Spinal muscular atrophy, lower extremity-predominant, 2A, autosomal dominant, OMIM:615290	slowly progressive					
BICRA	2	MONOALLELIC, autosomal or pseudoautosomal, NOT imprinted	Developmental delay, intellectual disability, autism spectrum disorder,behavioral abnormalities, dysmorphic features	porgressive?					 
BPTF	2	MONOALLELIC, autosomal or pseudoautosomal, NOT imprinted	Neurodevelopmental disorder with dysmorphic facies and distal limb anomalies, 617755;intellectual disability	progressive?					
BRAF	2	MONOALLELIC, autosomal or pseudoautosomal, imprinted status unknown	Cardiofaciocutaneous syndrome 115150;Noonan syndrome 7 613706;LEOPARD syndrome 3 613707	different associated disorders, progressive?					
BRAT1	2	BIALLELIC, autosomal or pseudoautosomal	Rigidity and multifocal seizure syndrome, lethal neonatal 614498, OMIM: 618056	progressive?					
BRD4	2	MONOALLELIC, autosomal or pseudoautosomal, imprinted status unknown	Intellectual disability;Microcephaly;Abnormal heart morphology;Abnormality of the face	progressive? Treatable phenotype?					
BRPF1	2	MONOALLELIC, autosomal or pseudoautosomal, imprinted status unknown	Intellectual developmental disorder with dysmorphic facies and ptosis 617333	progressive?					
BRSK2	2	MONOALLELIC, autosomal or pseudoautosomal, imprinted status unknown	Global developmental delay;Autism;Behavioral abnormality;Global developmental delay, Intellectual disability, Autism, Behavioral abnormality;Intellectual disability	not enough cinical information					
BTD	2	BIALLELIC, autosomal or pseudoautosomal	Biotinidase deficiency 253260	progressive?					
BUB1B	2	BIALLELIC, autosomal or pseudoautosomal	Colorectal cancer, somatic, 114500Mosaic variegated aneuploidy syndrome 1, 257300[Premature chromatid separation trait], 176430;MOSAIC VARIEGATED ANEUPLOIDY SYNDROME 1; MVA1	progressive?					
BUB3	2	autosomal dominant and recessive	ORPHA:1052	progressive?					
C12orf65	2	BIALLELIC, autosomal or pseudoautosomal	Spastic paraplegia 55, autosomal recessive, OMIM:615035						
C2orf69	2	autosomal recessive	"OMIM:619423 	Combined oxidative phosphorylation deficiency 53"	porgressive, treatable symptoms?					
C4A	2	autosomal recessive	ORPHA:117,OMIM:614380	occasional cases have developmental regression					
C8orf37	2	BIALLELIC, autosomal or pseudoautosomal	Retinitis pigmentosa 64, 614500;Cone-rod dystrophy 16, 614500						
CACNA1C	2	MONOALLELIC, autosomal or pseudoautosomal, imprinted status unknown	Brugada syndrome 3 611875; Timothy syndrome 601005	progressive?					
CACNA1D	2	BOTH monoallelic and biallelic, autosomal or pseudoautosomal	Primary aldosteronism, seizures, and neurologic abnormalities 615474 AD;Sinoatrial node dysfunction and deafness 614896 AR	progressive?					
CACNA1F	2	x-linked	ORPHA:215,ORPHA:178333,OMIM:300071,ORPHA:1872,OMIM:300476,OMIM:300600	progressive?					
CACNA1G	2	MONOALLELIC, autosomal or pseudoautosomal, imprinted status unknown	Spinocerebellar ataxia 42, 61679						
CACNA1H	2		Hyperaldosteronism, familial, type IV 617027;{Epilepsy, childhood absence, susceptibility to, 6} 611942;{Epilepsy, idiopathic generalized, susceptibility to, 6} 611942	progressive?					
CACNA1I	2	MONOALLELIC, autosomal or pseudoautosomal, NOT imprinted	Neurodevelopmental disorder	progressive?					
CACNA2D2	2	BIALLELIC, autosomal or pseudoautosomal	epilepsy;ataxia;developmental delay;cerebellar atrophy	progressive?					
CACNA2D4	2	autosomal recessive	"OMIM:610478,ORPHA:215,ORPHA:1872 	Retinal cone dystrophy 4"	progressive?					
CAMK2A	2	MONOALLELIC, autosomal or pseudoautosomal, imprinted status unknown	Mental retardation, autosomal dominant 53, OMIM:617798;?Mental retardation, autosomal recessive 63, OMIM:618095	progressive?					
CAMK2B	2	MONOALLELIC, autosomal or pseudoautosomal, imprinted status unknown	Mental retardation, autosomal dominant 54, OMIM:617799	progressive?					
CAMK4	2	MONOALLELIC, autosomal or pseudoautosomal, imprinted status unknown	Global developmental delay;Intellectual disability;Autism;Behavioral abnormality;Abnormality of movement;Dystonia;Ataxia;Chorea;Myoclonus	progressive?					
CAMTA1	2	MONOALLELIC, autosomal or pseudoautosomal, imprinted status unknown	Cerebellarataxia, nonprogressive, with mental retardation, 614756	described as progressive in multiple cases					
CAPN1	2	BIALLELIC, autosomal or pseudoautosomal	"Spastic paraplegia 76 autosomal recessive	616907"	slowly progressive					
CAPN15	2	BIALLELIC, autosomal or pseudoautosomal	Oculogastrointestinal neurodevelopmental syndrome, OMIM:619318	extraneuronal manifestations					
CAPRIN1	2	autosomal dominant	Non-specific syndromic intellectual disability	seizures only in subset of patients, treatbale phenotype?					
CARS	2	BIALLELIC, autosomal or pseudoautosomal	Microcephaly, developmental delay, and brittle hair syndrome, OMIM:618891	progressive?					
CARS1	2	autosomal recessive	OMIM:618891,ORPHA:33364 Microcephaly, developmental delay, and brittle hair syndrome	progressive?					
CASK	2	X-LINKED: hemizygous mutation in males, monoallelic mutations in females may cause disease (may be less severe, later onset than males)	Mental retardation and microcephaly with pontine and cerebellar hypoplasia; FG syndrome 4; Mental retardation, with or without nystagmus;Pontocerebellar Hypoplasia;Mental retardation and microcephaly with pontine and cerebellar hypoplasia, 300749; FG syndrome 4, 300422; Mental retardation, with or without nystagmus, 300422	progressive?					
CASR	2	BOTH monoallelic and biallelic, autosomal or pseudoautosomal	Hypocalciuric hypercalcemia, type I, 145980	progressive?					
CAV1	2	autosomal dominant and recessive	ORPHA:220393,ORPHA:528,OMIM:606721,OMIM:615343,OMIM:612526,ORPHA:220402	progressive?					
CBS	2	BIALLELIC, autosomal or pseudoautosomal	Homocystinuria, B6-responsive and nonresponsive types, 236200;Thrombosis, hyperhomocysteinemic, 236200;CYSTATHIONINE BETA-SYNTHASE DEFICIENCY (CBSD)	extraneuronal manifestations, treatment options in some cases					
CBY1	2	autosomal recessive	ORPHA:475 Joubert syndrome	progressive?					
CC2D2A	2	BIALLELIC, autosomal or pseudoautosomal	COACH syndrome 216360;Joubert syndrome 9 612285	allelic disorder, questionable treatable symptoms					
CDK16	2	X-LINKED: hemizygous mutation in males, biallelic mutations in females	Intellectual disability and spastic paraplegia	phenotype?					
CDK5RAP2	2	autosomal recessive	Microcephaly 3, primary, autosomal recessive ORPHA:2512,OMIM:604804	progressive microcephaly					
CHCHD10	2	MONOALLELIC, autosomal or pseudoautosomal, NOT imprinted	Spinal muscular atrophy, Jokela type, OMIM:615048 ORPHA:276435,ORPHA:803,OMIM:616209,ORPHA:457050,OMIM:615048,ORPHA:275872,OMIM:615911	slowly progressive					
CHP1	2	BIALLELIC, autosomal or pseudoautosomal	Spastic ataxia 9, autosomal recessive, OMIM:618438						
CIZ1	2		Dystonia 23, 614860 ORPHA:420492	phenotype?					
CLCN4	2	X-LINKED: hemizygous mutation in males, monoallelic mutations in females may cause disease (may be less severe, later onset than males)	Raynaud-Claes syndrome 300114;Mental retardation, X-linked 49/15 ORPHA:777,ORPHA:485350,OMIM:300114	can be progressive					
COL4A1	2	MONOALLELIC, autosomal or pseudoautosomal, NOT imprinted	Porencephaly 1;Variable phenotype - porencephaly, destructive cerebral lesions, eye anomalies, intracerebral calcification OMIM:175780,OMIM:618564,OMIM:180000,OMIM:611773,ORPHA:899,ORPHA:73229	progressive neurological disease but also vascular phenotype					
COX10	2	BIALLELIC, autosomal or pseudoautosomal	Mitochondrial complex IV disorder;Mitochondrial Leukoencephalopathy;General Leukodystrophy & Mitochondrial Leukoencephalopathy	has systemic effects, developmental regression					
COX15	2	BIALLELIC, autosomal or pseudoautosomal	Mitochondrial Leukoencephalopathy;Mitochondrial complex IV disorders ORPHA:255241,OMIM:615119	systemic phenotype, developmental regression					
COX20	2	BIALLELIC, autosomal or pseudoautosomal	Mitochondrial complex IV deficiency, 220110	slowly progressive					
CTC1	2	BIALLELIC, autosomal or pseudoautosomal	Cerebroretinal microangiopathy with calcifications and cysts, 612199;Coats Plus syndrome OMIM:612199,ORPHA:1775	progressive with cognitive decline, but systemic phenotype					
CTSA	2	autosomal recessive	Galactosialidosis ORPHA:351,OMIM:256540	reported as progressive					
CWF19L1	2	BIALLELIC, autosomal or pseudoautosomal	Spinocerebellar ataxia, autosomal recessive 17, 616127 OMIM:616127,ORPHA:453521	slowly progressive					
D2HGDH	2	BIALLELIC, autosomal or pseudoautosomal	L2-Hydroxyglutaric aciduria OMIM:600721	eligible if systemic phenotype is not too severe					
DALRD3	2	autosomal recessive	Developmental and epileptic encephalopathy 86 OMIM:618910,ORPHA:442835	progressive?					
DCAF8	2	autosomal dominant	Giant axonal neuropathy 2, autosomal dominant OMIM:610100						
DDC	2	BIALLELIC, autosomal or pseudoautosomal	Aromatic L-amino acid decarboxylase deficiency, OMIM:608643;Aromatic L-amino acid decarboxylase deficiency, MONDO:0012084;Floppy child;Dystonia;Hypotonia;Developmental delay;Oculogyric crisis	progressive?					
DDHD1	2	BIALLELIC, autosomal or pseudoautosomal	Spastic paraplegia 28, autosomal recessive  ORPHA:101008,OMIM:609340	progressive?					
DENND5A	2	autosomal recessive	Developmental and epileptic encephalopathy 49 OMIM:617281						
DHCR7	2	BIALLELIC, autosomal or pseudoautosomal	Smith-Lemli-Opitz syndrome, ORPHA:818,OMIM:270400	severe extraneuronal manifestation, treatable phenotype? Progressive?					
DHFR	2	BIALLELIC, autosomal or pseudoautosomal	Megaloblastic anemia due to dihydrofolate reductase deficiency, 613839;Dihydrofolate reductase deficiency	progressive?					
DOCK6	2	BIALLELIC, autosomal or pseudoautosomal	Adams-Oliver syndrome 2, 614219;intellectual disability, developmental delay OMIM:614219,ORPHA:974						
DOCK8	2	BIALLELIC, autosomal or pseudoautosomal	Mental retardation, autosomal dominant 2, 614113Hyper-IgE recurrent infection syndrome, autosomal recessive, 243700;HYPERIMMUNOGLOBULIN E RECURRENT INFECTION SYNDROME AUTOSOMAL RECESSIVE (AR-HIES) ORPHA:178469,OMIM:243700,ORPHA:217390	CAVE: two disorders associared, mental retardation and an immune defect. Immune defect most likely not eligible					
DPYD	2	BIALLELIC, autosomal or pseudoautosomal	"	5-fluorouracil toxicity	274270; Dihydropyrimidine dehydrogenase deficiency	ORPHA:1675,OMIM:274270,ORPHA:293948"	progressive?					
DYNC1H1	2	MONOALLELIC, autosomal or pseudoautosomal, NOT imprinted	Spinal muscular atrophy, lower extremity-predominant 1, AD, OMIM:158600, Charcot-Marie-Tooth disease, axonal, type 20, Mental retardation, autosomal dominant 13 ORPHA:178469,OMIM:158600,OMIM:614228,OMIM:614563	slowly progressive phenotype					
DYNC1I2	2	BIALLELIC, autosomal or pseudoautosomal	Neurodevelopmental disorder with microcephaly and structural brain anomalies, OMIM:618492	severe phenotype, progressive?					
EEF2	2	MONOALLELIC, autosomal or pseudoautosomal, imprinted status unknown	Spinocerebellar ataxia 26 ORPHA:101112,OMIM:609306	slowly progressive					
EHMT1	2	MONOALLELIC, autosomal or pseudoautosomal, NOT imprinted	Kleefstra syndrome ORPHA:96147,OMIM:610253,ORPHA:261652	possibly progressive					
EIF3F	2	BIALLELIC, autosomal or pseudoautosomal	Mental retardation, autosomal recessive 67, OMIM:618295	severe phenotype, many extraneuronal symptoms					
ENTPD1	2	BIALLELIC, autosomal or pseudoautosomal	Spastic paraplegia 64, autosomal recessive, ORPHA:401810,OMIM:615683	gradual progression					
ERMARD	2	MONOALLELIC, autosomal or pseudoautosomal, NOT imprinted	ORPHA:75857,ORPHA:98892,OMIM:615544	only one report in OMIM					
FAR1	2	BIALLELIC, autosomal or pseudoautosomal	Peroxisomal fatty acyl-CoA reductase 1 disorder, OMIM:619338,ORPHA:447753,ORPHA:438178,OMIM:616154	progressive?					
FGF14	2	MONOALLELIC, autosomal or pseudoautosomal, imprinted status unknown	Spinocerebellar ataxia 27  ORPHA:98764,OMIM:193003	slowly progressive					
FLVCR1	2	BIALLELIC, autosomal or pseudoautosomal	Ataxia, posterior column, with retinitis pigmentosa, ;Posterior Column Ataxia with Retinitis Pigmentosa  ORPHA:88628,OMIM:609033	slowly progressive					
FOXP2	2	MONOALLELIC, autosomal or pseudoautosomal, NOT imprinted	 Speech-language disorder-1 602081 ORPHA:209908,OMIM:602081	progressive?					
FUCA1	2	BIALLELIC, autosomal or pseudoautosomal	Fucosidosis;General Leukodystrophy & Mitochondrial Leukoencephalopathy OMIM:230000,ORPHA:349	extraneuronal phenotype, stem cell treatment early on can lead to improvement					
GABBR2	2	autosomal dominant	Developmental and epileptic encephalopathy 59 ORPHA:442835,ORPHA:3095,OMIM:617904,OMIM:617903	progressive?					
GABRB2	2	autosomal dominant	Developmental and epileptic encephalopathy 92 ORPHA:442835,OMIM:617829	progressive?					
GABRB3	2	autosomal dominant	Developmental and epileptic encephalopathy 43 OMIM:617113,ORPHA:64280,OMIM:612269,ORPHA:2382	progressive?					
GALNT2	2	BIALLELIC, autosomal or pseudoautosomal	Congenital disorder of glycosylation, type IIt 618885	progressive?					
GAN	2	autosomal recessive	Giant axonal neuropathy-1 ORPHA:643,OMIM:256850	slowly progressive					
GBE1	2	BIALLELIC, autosomal or pseudoautosomal	Polyglucosan body disease, adult form, OMIM:263570;General Leukodystrophy & Mitochondrial Leukoencephalopathy OMIM:232500,ORPHA:206583,OMIM:263570	slowly progressive					
GFER	2	autosomal recessive 	Myopathy, mitochondrial progressive, with congenital cataract and developmental delayORPHA:330054,OMIM:613076	systemic phenotype					
GJB1	2	X-LINKED: hemizygous mutation in males, monoallelic mutations in females may cause disease (may be less severe, later onset than males)	"Charcot-Marie-Tooth neuropathy, X-linked dominant, 1	302800 ORPHA:1175,OMIM:302800,ORPHA:101075"	slow progression					
GLRA1	2	BOTH monoallelic and biallelic, autosomal or pseudoautosomal	Hyperekplexia, hereditary 1, ORPHA:3197,OMIM:149400	progressive?					
GNE	2	MONOALLELIC, autosomal or pseudoautosomal, NOT imprinted	Sialuria, ORPHA:3166,OMIM:605820,OMIM:269921,ORPHA:602	progressive?					
GNPTAB	2	autosomal recessive	Mucolipidosis II alpha/beta, Mucolipidosis III alpha/beta OMIM:252600,ORPHA:576,OMIM:252500	extraneuronal manifestations but neuronal manifestations can be treatable					
GNS	2	autosomal recessive	Mucopolysaccharidosis type IIID OMIM:252940	slowing mental development					
GOSR2	2	BIALLELIC, autosomal or pseudoautosomal	Epilepsy, progressive myoclonic 6, 614018						
GOT2	2	autosomal recessive	Developmental and epileptic encephalopathy 82 OMIM:618721	progressive?					
GPAA1	2	BIALLELIC, autosomal or pseudoautosomal	Glycosylphosphatidylinositol biosynthesis defect 15, OMIM:617810,ORPHA:529665	progressive in some patients					
GRIA3	2	X-linked recessive	Intellectual developmental disorder, X-linked, syndromic, Wu type OMIM:300699,ORPHA:364028	progressive?					
GRIN2A	2	autosomal dominant	Epilepsy, focal, with speech disorder and with or without impaired intellectual development ORPHA:1945,ORPHA:725,ORPHA:163721,ORPHA:289266,OMIM:245570,ORPHA:98818	progressive?					
GRIN2D	2	autosomal dominant	Developmental and epileptic encephalopathy 46 ORPHA:442835,OMIM:617162	progressive?					
GRM1	2	BIALLELIC, autosomal or pseudoautosomal	Spinocerebellar ataxia, autosomal recessive 13  OMIM:617691,OMIM:614831,ORPHA:324262	slowly progressive					
GUSB	2	autosomal recessive 	Mucopolysaccharidosis VII ORPHA:584,OMIM:253220	systemic pathology, neurodegeneration					
HCN1	2	autosomal recessive	Developmental and epileptic encephalopathy 24 OMIM:618482,ORPHA:442835,OMIM:615871,ORPHA:36387	progressive?					
HERC2	2	autosomal recessive	Intellectual developmental disorder, autosomal recessive 38 OMIM:176270,OMIM:615516	progression?					
HPCA	2	BIALLELIC, autosomal or pseudoautosomal	Dystonia 2, torsion, autosomal recessive, 224500;childhood-onset generalized dystonia;adolescence-onset segmental dystonia;generalized dystonia with additional neurological features ORPHA:99657,OMIM:224500	slowly progressive					
HRAS	2	MONOALLELIC, autosomal or pseudoautosomal, imprinted status unknown	Costello syndrome, 218040;Schimmelpenning-Feuerstein-Mims syndrome, 218040 OMIM:109800,OMIM:188470,OMIM:162900,OMIM:218040,ORPHA:2612,ORPHA:3071,OMIM:137550,OMIM:163200	allelic disorders, Costello syndrome					
HSPB1	2	MONOALLELIC, autosomal or pseudoautosomal, NOT imprinted	Neuropathy, distal hereditary motor, type IIB, OMIM:608634;Charcot-Marie-Tooth disease, axonal, type 2F, ORPHA:99940,OMIM:606595,OMIM:608634	slowly progressive					
IBA57	2	BIALLELIC, autosomal or pseudoautosomal	?Spastic paraplegia 74, autosomal recessive, OMIM:616451	slowly progressive					
IFIH1	2	MONOALLELIC, autosomal or pseudoautosomal, NOT imprinted	Aicardi-Goutieres syndrome 7, ORPHA:51,OMIM:182250,OMIM:615846,OMIM:619773	slowly progressive					
ITPR1	2	BOTH monoallelic and biallelic (but BIALLELIC mutations cause a more SEVERE disease form), autosomal or pseudoautosomal	Spinocerebellar ataxia 15; Spinocerebellar ataxia 29, congenital nonprogressive; Gillespie syndrome 206700 ORPHA:98769,ORPHA:208513,ORPHA:1065,OMIM:206700,OMIM:606658,OMIM:117360	slow progression					
KCNA1	2	MONOALLELIC, autosomal or pseudoautosomal, NOT imprinted	EPISODIC ATAXIA, TYPE 1;myokymia with periodic ataxia ORPHA:1934,ORPHA:37612,OMIM:160120,ORPHA:972,ORPHA:98809	some patients are progressive					
KCNB1	2	autosomal daominant	Developmental and epileptic encephalopathy 26 ORPHA:442835,OMIM:616056	progressive?					
KCNC3	2	MONOALLELIC, autosomal or pseudoautosomal, imprinted status unknown	Spinocerebellar ataxia 13 OMIM:605259,ORPHA:98768	slowly progressive					
KCND3	2	MONOALLELIC, autosomal or pseudoautosomal, NOT imprinted	Spinocerebellarataxia19,607346 ORPHA:130,OMIM:616399,OMIM:607346,ORPHA:98772	slowly progressive					
KCNMA1	2	MONOALLELIC, autosomal or pseudoautosomal, NOT imprinted	Paroxysmal nonkinesigenic dyskinesia, 3, with or without generalized epilepsy, OMIM:609446;Generalized epilepsy-paroxysmal dyskinesia syndrome, MONDO:0012276 OMIM:617643,OMIM:618729,OMIM:618596,OMIM:609446,ORPHA:528084,ORPHA:79137						
KCNQ3	2	MONOALLELIC, autosomal or pseudoautosomal, NOT imprinted	Seizures, benign neonatal, type 2, ORPHA:1949,OMIM:121201,ORPHA:307,ORPHA:306	reported that patients become seizure free after a few years					
KDM5C	2	X-LINKED: hemizygous mutation in males, monoallelic mutations in females may cause disease (may be less severe, later onset than males)	Mental retardation, X-linked, syndromic, Claes-Jensen type, 300534;Intellectual disability;developmental delay;progressive spasticity;epilepsy;hypothyroidism OMIM:300534,ORPHA:85279	slowly progressive					
KIF1B	2	autosomal dominant	Charcot-Marie-Tooth disease, type 2A1 OMIM:256700,OMIM:171300,ORPHA:29072,OMIM:118210	slowly progressive					
KIF1C	2	BIALLELIC, autosomal or pseudoautosomal	Spastic ataxia 2, autosomal recessive, ORPHA:397946,OMIM:611302	slowly progressive?					
KMT2A	2	MONOALLELIC, autosomal or pseudoautosomal, NOT imprinted	Wiedemann-Steiner syndrome, ORPHA:319182,OMIM:605130						
KMT2C	2	MONOALLELIC, autosomal or pseudoautosomal, NOT imprinted	Kleefstra syndrome 2, 617768 OMIM:617768,ORPHA:261652						
KMT2D	2	MONOALLELIC, autosomal or pseudoautosomal, NOT imprinted	Kabuki syndrome 1, OMIM:147920 ORPHA:2322,OMIM:147920						
KMT2E	2	MONOALLELIC, autosomal or pseudoautosomal, imprinted status unknown	O'Donnell-Luria-Rodan syndrome, 618512;Global developmental delay;Intellectual disability;Autism;Seizures;Abnormality of skull size ORPHA:528084,OMIM:618512						
LMNA	2	autosomal recessive	Charcot-Marie-Tooth disease, type 2B1 OMIM:181350,ORPHA:90153,ORPHA:168796,ORPHA:154,OMIM:212112,ORPHA:98856,OMIM:610140,ORPHA:2229,OMIM:151660,OMIM:115200,ORPHA:79474,ORPHA:79084,ORPHA:98855,OMIM:619793,OMIM:616516,OMIM:176670,ORPHA:363618,OMIM:248370,ORPHA:280365,OMIM:605588,OMIM:613205,ORPHA:157973,ORPHA:740,ORPHA:1662,ORPHA:300751,ORPHA:2348,ORPHA:98853	slowly progressive					
LMNB2	2	autosomal recessive	?Epilepsy, progressive myoclonic, 9 OMIM:616540,ORPHA:79087,OMIM:608709,OMIM:619180	unclear how progressive this disease is					
LYST	2	BIALLELIC, autosomal or pseudoautosomal	spastic paraplegia;Chediak-Higashi syndrome, ORPHA:352723,OMIM:214500,ORPHA:167	neurodegenerative, but severe immunological problems					
MAG	2	BIALLELIC, autosomal or pseudoautosomal	Spastic paraplegia 75, autosomal recessive, 616680 OMIM:616680,ORPHA:459056	slowly progressive					
MAN1B1	2	BIALLELIC, autosomal or pseudoautosomal	Mental Retardation, Recessive;Mental retardation, autosomal recessive 15, 614202;AUTOSOMAL RECESSIVE MENTAL RETARDATION ORPHA:88616,OMIM:614202,ORPHA:397941	progressive?					
MANBA	2	autosomal recessive	Mannosidosis, beta OMIM:248510,ORPHA:118	progressive in some patients					
MAOA	2	X-LINKED: hemizygous mutation in males, monoallelic mutations in females may cause disease (may be less severe, later onset than males)	Brunner syndrome, 300615;Monoamine oxidase A deficiency OMIM:300615,ORPHA:3057	progressive?					
MARS2	2	BIALLELIC, autosomal or pseudoautosomal	Spastic ataxia 3, autosomal recessive  ORPHA:314603,OMIM:616430,OMIM:611390	progressive?					
MBD5	2	MONOALLELIC, autosomal or pseudoautosomal, NOT imprinted	Mental retardation, autosomal dominant 1	patients develop seizures have generally a bad prognosis					
MDH1	2	autosomal recessive	?Developmental and epileptic encephalopathy 88  OMIM:618959	progressive?					
MFN2	2	autsomal dominant and autosomal recessive	Charcot-Marie-Tooth disease ORPHA:2398,OMIM:617087,ORPHA:99947,OMIM:601152,OMIM:609260	slowly progressive					
MLC1	2	BIALLELIC, autosomal or pseudoautosomal	Megalencephalic leukoencephalopathy with subcortical cysts (MLC);General Leukodystrophy & Mitochondrial Leukoencephalopathy OMIM:604004	slow progression					
MPZ	2	autosomal dominant	Charcot-Marie-Tooth disease OMIM:118200,OMIM:145900,OMIM:607736,OMIM:618184,OMIM:180800,OMIM:607791,ORPHA:101082,ORPHA:3115,OMIM:607677						
MTFMT	2	BIALLELIC, autosomal or pseudoautosomal	Combined oxidative phosphorylation deficiency 15 OMIM:614947;combined oxidative phosphorylation defect type 15 MONDO:0013987;Mitochondrial complex I deficiency, nuclear type 27 OMIM:618248;mitochondrial complex 1 deficiency, nuclear type 27 MONDO:0032631 OMIM:618248,ORPHA:255241,OMIM:614947						
MTPAP	2	BIALLELIC, autosomal or pseudoautosomal	Ataxia, spastic, 4;Spastic ataxia 4, autosomal recessive OMIM:613672,ORPHA:254343						
MVK	2	BIALLELIC, autosomal or pseudoautosomal	Mevalonic aciduria, ORPHA:79152,OMIM:260920,OMIM:175900,ORPHA:29,ORPHA:735,ORPHA:343,OMIM:610377	progressive, but additional extraneuronal pathology					
MYO5A	2	BIALLELIC, autosomal or pseudoautosomal	Griscelli syndrome, type 1, 214450;ELEJALDE SYNDROME (ELEJAS) ORPHA:79476,OMIM:214450,ORPHA:33445,ORPHA:79478	progressive?					
NDUFA1	2	X-LINKED: hemizygous mutation in males, monoallelic mutations in females may cause disease (may be less severe, later onset than males)	"Mitochondrial complex I deficiency	252010 ORPHA:2609,OMIM:301020"	progressive?					
NDUFA13	2	autosomal recessive	Mitochondrial complex I deficiency, nuclear type 28 OMIM:618249,ORPHA:255241	progressive?					
NDUFAF3	2	BIALLELIC, autosomal or pseudoautosomal	"Mitochondrial complex I deficiency	252010 ORPHA:2609,ORPHA:70474,OMIM:618240"	progressive?					
NDUFAF6	2	BIALLELIC, autosomal or pseudoautosomal	"Leigh syndrome due to mitochondrial complex I deficiency	256000 ORPHA:255241,OMIM:618239,OMIM:618913,ORPHA:3337"						
NECAP1	2	autosomal recessive	Developmental and epileptic encephalopathy 21 OMIM:615833,ORPHA:442835	progressive?					
NEFH	2	MONOALLELIC, autosomal or pseudoautosomal, imprinted status unknown	Charcot-Marie-Tooth disease, axonal, type 2CC, susceptibility to amyotrophic lateral sclerosis (ALS)  OMIM:616924,ORPHA:803,OMIM:105400	how progressive?					
NEUROD2	2	autosomal dominant	Developmental and epileptic encephalopathy 72 ORPHA:1934,OMIM:618374	progressive?					
NIPA1	2	MONOALLELIC, autosomal or pseudoautosomal, imprinted status unknown	Spastic paraplegia 6, autosomal dominant ;Spasticparaplegia6,autosomaldominant,OMIM:600363,ORPHA:261183,ORPHA:100988	phenotype less severe					
NPR2	2	autosomal dominant	ORPHA:40,OMIM:615923,OMIM:602875,OMIM:616255	progressive?					
NRXN1	2	autosomal recessive	Pitt-Hopkins-like syndrome 2 OMIM:614325	progressive?					
NSUN2	2	autosomal recessive	Mental retardation, autosomal recessive 5 ORPHA:88616,OMIM:611091,ORPHA:235	progressive microcephaly					
NT5C2	2	BIALLELIC, autosomal or pseudoautosomal	Spastic paraplegia 45, autosomal recessive, ORPHA:320396,OMIM:613162						
NTRK2	2	autosomal dominant	Developmental and epileptic encephalopathy 58 ORPHA:442835,OMIM:617830,OMIM:613886,ORPHA:3451	progressive?					
OCLN	2	BIALLELIC, autosomal or pseudoautosomal	Band-like calcification with simplified gyration and polymicrogyria;Band-like calcification with simplified gyration and polymicrogyria, 251290;Severe developmental delay with microcephaly OMIM:251290,ORPHA:1229	progressive? Extraneuronal manifestation					
OPTN	2	BOTH monoallelic and biallelic, autosomal or pseudoautosomal	Amyotrophic Lateral Sclerosis, Recessive;Glaucoma 1, open angle, E, ORPHA:803,OMIM:613435,OMIM:137760						
PACS2	2	autosomal dominant	Developmental and epileptic encephalopathy 66 OMIM:618067	progressive?					
PAX6	2	BIALLELIC, autosomal or pseudoautosomal	Aniridia, Cerebellar Ataxia, And Mental Retardation  ORPHA:708,ORPHA:2253,OMIM:120430,OMIM:604229,ORPHA:35737,OMIM:136520,OMIM:194072,ORPHA:2334,ORPHA:1065,OMIM:165550,ORPHA:250923,ORPHA:893,ORPHA:137902,OMIM:120200,OMIM:106210,OMIM:148190	progressive?					
PDP1	2	BIALLELIC, autosomal or pseudoautosomal	Pyruvate dehydrogenase phosphatase deficiency, OMIM:608782,ORPHA:79246	progressive?					
PDYN	2	MONOALLELIC, autosomal or pseudoautosomal, imprinted status unknown	Spinocerebellar ataxia 23  OMIM:610245,ORPHA:101108	slowly progressive					
PEX1	2	BIALLELIC, autosomal or pseudoautosomal	Peroxisome-Associated Disorders & Zellweger Syndrome;General Leukodystrophy & Mitochondrial Leukoencephalopathy;Peroxisome biogenesis disorder 1A,B;Peroxisome biogenesis disorder 1A (Zellweger) ORPHA:912,ORPHA:3220,OMIM:214100,OMIM:601539,ORPHA:772,ORPHA:44,OMIM:234580	progressive?					
PEX12	2	BIALLELIC, autosomal or pseudoautosomal	Peroxisome-Associated Disorders & Zellweger Syndrome;Peroxisome biogenesis disorder 3A,B;General Leukodystrophy & Mitochondrial Leukoencephalopathy;Peroxisome biogenesis disorder 3A (Zellweger);Peroxisome biogenesis disorder 3B ORPHA:912,OMIM:614859,OMIM:266510,ORPHA:772,ORPHA:44	extraneuronal phenotype					
PEX13	2	BIALLELIC, autosomal or pseudoautosomal	Peroxisome-Associated Disorders & Zellweger Syndrome;Peroxisome biogenesis disorder 11A (Zellweger);Peroxisome biogenesis disorder 11B ORPHA:912,ORPHA:772,ORPHA:44,OMIM:614885,OMIM:614883	progressive?					
PEX14	2	BIALLELIC, autosomal or pseudoautosomal	Peroxisome-Associated Disorders & Zellweger Syndrome;PEROXISOME BIOGENESIS DISORDER 13A (ZELLWEGER) ORPHA:912,OMIM:614887,ORPHA:772,ORPHA:44	questionable progressive					
PEX2	2	BIALLELIC, autosomal or pseudoautosomal	"Peroxisome biogenesis disorder 5A (Zellweger)	614866;Peroxisome biogenesis disorder 5B	ORPHA:912,OMIM:614866,ORPHA:772,OMIM:614867,ORPHA:44"	slowly progressive					
PEX26	2	BIALLELIC, autosomal or pseudoautosomal	Peroxisome-Associated Disorders & Zellweger Syndrome ORPHA:912,ORPHA:772,ORPHA:44,OMIM:614873,OMIM:614872						
PEX3	2	BIALLELIC, autosomal or pseudoautosomal	Peroxisome biogenesis disorder 10A (Zellweger) 614882 OMIM:614882,ORPHA:912,OMIM:617370,ORPHA:772,ORPHA:44						
PEX5	2	BIALLELIC, autosomal or pseudoautosomal	"Peroxisome biogenesis disorder 2A (Zellweger)	214110;Peroxisome biogenesis disorder 2B	ORPHA:912,OMIM:214110,OMIM:202370,OMIM:616716,ORPHA:772,ORPHA:44"						
PEX6	2	BIALLELIC, autosomal or pseudoautosomal	Peroxisome biogenesis disorder 4A (Zellweger) 614862;Peroxisome biogenesis disorder 4B ORPHA:912,OMIM:614862,ORPHA:3220,OMIM:616617,ORPHA:95433,OMIM:614863,ORPHA:772,ORPHA:44	death by age 4, extraneuronal manifestation					
PEX7	2	BIALLELIC, autosomal or pseudoautosomal	Rhizomelic chondrodysplasia punctata, type 1 OMIM:266500,OMIM:215100,OMIM:614879,ORPHA:773						
PFN1	2	MONOALLELIC, autosomal or pseudoautosomal, imprinted status unknown	Amyotrophic lateral sclerosis 18, ORPHA:803,OMIM:614808						
PGAP2	2	autosomal recessive	Hyperphosphatasia with mental retardation syndrome 3 OMIM:614207,ORPHA:247262	progressive?					
PGK1	2	X-LINKED: hemizygous mutation in males, biallelic mutations in females	Phosphoglycerate kinase 1 deficiency, 300653;PHOSPHOGLYCERATE KINASE 1 DEFICIENCY (PGK1D) OMIM:300653,ORPHA:713	CNS involvement in 50% patients, progressive?					
PHF21A	2	autosomal dominant	Intellectual developmental disorder with behavioral abnormalities and craniofacial dysmorphism with or without seizures ORPHA:52022,OMIM:618725	progressive?					
PHGDH	2	BIALLELIC, autosomal or pseudoautosomal	Neu-Laxova syndrome 1,  256520, Phosphoglycerate dehydrogenase deficiencyOMIM:256520,ORPHA:79351,OMIM:601815	progressive?					
PIGT	2	autosomal recessive	Multiple congenital anomalies-hypotonia-seizures syndrome 3 OMIM:615398,ORPHA:369837,OMIM:615399	extraneuronal phenotype may be too severe					
PINK1	2	BIALLELIC, autosomal or pseudoautosomal	Dystonia OMIM:605909,ORPHA:2828						
PMPCA	2	BIALLELIC, autosomal or pseudoautosomal	Non-progressive cerebellar ataxia   recessive variants identified in 17 patients from four different families. OMIM:213200,ORPHA:1170	can be slowly progressive					
PNPLA6	2	BIALLELIC, autosomal or pseudoautosomal	Autosomal recessive spastic paraplegia 39 (#612020), ataxia seen in some patients;Spinocerebellar ataxia, hypogonadotropic hypogonadism and chorioretinal dystrophy (Boucher-Neuhauser syndrome, #215470);Oliver-McFarlane syndrome (#603197) OMIM:245800,OMIM:612020,ORPHA:1180,OMIM:215470,ORPHA:2377,ORPHA:1173,OMIM:275400,ORPHA:139480	slowly progressive					
POGZ	2	autosomal dominant	White-Sutton syndrome ORPHA:468678,OMIM:616364	progressive?					
POLG	2	BIALLELIC, autosomal or pseudoautosomal	"Mitochondrial DNA depletion syndrome 4A (Alpers type)	203700;Mitochondrial DNA depletion syndrome 4B (MNGIE type)	613662;Mitochondrial recessive ataxia syndrome (includes SANDO and SCAE)	607459 ORPHA:70595,OMIM:203700,ORPHA:94125,OMIM:607459,ORPHA:254886,ORPHA:298,ORPHA:726,OMIM:613662,ORPHA:254892,OMIM:603041,OMIM:157640,OMIM:258450"	depends on allelic disorder, some rapidly progressive or mildly progressive					
POLR1C	2	BIALLELIC, autosomal or pseudoautosomal	"Leukodystrophy, hypomyelinating, 11	OMIM:616494,ORPHA:861,OMIM:248390,ORPHA:88637"	can deteriorate					
POLR3B	2	BIALLELIC, autosomal or pseudoautosomal	Leukodystrophy, hypomyelinating, 8, with or without oligodontia and/or hypogonadotropic hypogonadism, OMIM:619742,ORPHA:88637,OMIM:607694,OMIM:614381	slowly progressive					
PPP2R5D	2	MONOALLELIC, autosomal or pseudoautosomal, NOT imprinted	INTELLECTUAL DISABILITY	progressive? Is the phenotype severe enough?					
PRKCG	2	MONOALLELIC, autosomal or pseudoautosomal, imprinted status unknown	Spinocerebellar ataxia 14  ORPHA:98763,OMIM:605361	slow progression					
PRKN	2	BIALLELIC, autosomal or pseudoautosomal	Dystonia;juvenile parkinsonism/dystonia;Parkinson disease, juvenile, type 2 ORPHA:2828,OMIM:211980,OMIM:600116,OMIM:167000	levo-dopa responsive					
PRKRA	2	BIALLELIC, autosomal or pseudoautosomal	Dystonia;Dystonia 16, 612067;early-Onset Generalized dystonia-parkinsonism (DYT16), non-responsive to levo-dopa OMIM:612067,ORPHA:210571	slowly progressive?					
PRRT2	2	MONOALLELIC, autosomal or pseudoautosomal, imprinted status unknown	Convulsions, familial infantile, with paroxysmal choreoathetosis, 602066;Episodic kinesigenic dyskinesia 1, 128200;Seizures, benign familial infantile, 2, 605751 OMIM:602066,ORPHA:31709,ORPHA:569,OMIM:128200,ORPHA:98811,ORPHA:98809,ORPHA:306,ORPHA:98810,OMIM:605751	progressive?					
QDPR	2	BIALLELIC, autosomal or pseudoautosomal	ORPHA:226,OMIM:261630	matching phenotype but Treatment with BH4 is effective 					
RAB18	2	autosomal recessive	Warburg micro syndrome 3 ORPHA:2510,OMIM:614222	progressive?					
RARS1	2	BIALLELIC, autosomal or pseudoautosomal	Leukodystrophy, hypomyelinating, 9 OMIM:616140,ORPHA:438114	progressive?					
REEP1	2	MONOALLELIC, autosomal or pseudoautosomal, NOT imprinted	Spastic paraplegia 31, autosomal dominant  ?Neuronopathy, distal hereditary motor, type VB, ORPHA:101011,OMIM:614751,OMIM:610250,ORPHA:139536,OMIM:620011						
REEP2	2	BOTH monoallelic and biallelic, autosomal or pseudoautosomal	?Spastic paraplegia 72, autosomal recessive, 615625;?Spastic paraplegia 72, autosomal dominant,ORPHA:401849,OMIM:615625	slowly progressive					
REV3L	2	autsomal dominant	Moebius syndrome ORPHA:570	variable phenotype					
RFT1	2	autosomal recessive	Congenital disorder of glycosylation, type In ORPHA:244310,OMIM:612015	progressive?					
RMND1	2	autosomal recessive	Combined oxidative phosphorylation deficiency 11 OMIM:614922	progressive?					
SAMHD1	2	BIALLELIC, autosomal or pseudoautosomal	Aicardi-Goutieres Syndrome;General Leukodystrophy & Mitochondrial Leukoencephalopathy OMIM:614415,ORPHA:51,OMIM:612952						
SCN3A	2	autosomal dominant	Developmental and epileptic encephalopathy 62 OMIM:617935,ORPHA:442835,OMIM:617938	progressive?					
SDHAF1	2	BIALLELIC, autosomal or pseudoautosomal	Mitochondrial complex II deficiency 252011 OMIM:619166,ORPHA:3208	progressive, treatment: Good therapeutic response to treatment with riboflavin					
SERAC1	2	BIALLELIC, autosomal or pseudoautosomal	3-methylglutaconic aciduria with deafness, encephalopathy, and Leigh-like syndrome, OMIM:614739;Lesions in the basal ganglia						
SETD2	2	autosomal dominant	Luscan-Lumish syndrome OMIM:616831,ORPHA:821						
SIK1	2	autosomal dominant	Developmental and epileptic encephalopathy 30 ORPHA:1934,ORPHA:1935,OMIM:616341,ORPHA:3451	progressive?					
SLC13A5	2	autosomal recessive	Developmental and epileptic encephalopathy 25, with amelogenesis imperfecta ORPHA:1946,ORPHA:442835,OMIM:615905	progressive?					
SLC17A5	2	BIALLELIC, autosomal or pseudoautosomal	General Leukodystrophy & Mitochondrial Leukoencephalopathy OMIM:604369,OMIM:269920	progressive?					
SLC18A2	2	BIALLELIC, autosomal or pseudoautosomal	Brain Dopamine Serotonin Vesicular Transport Disease (Other disorders of neurotransmitter metabolism);Vesicular monoamine transporter deficiency OMIM:618049,ORPHA:352649						
SLC1A3	2	MONOALLELIC, autosomal or pseudoautosomal, imprinted status unknown	Episodic ataxia, type 6,  ORPHA:209967,ORPHA:2131,OMIM:612656	progressive?					
SLC25A12	2	BIALLELIC, autosomal or pseudoautosomal	"Hypomyelination, global cerebral	612949, Developmental and epileptic encephalopathy 39"						
SLC30A10	2	BIALLELIC, autosomal or pseudoautosomal	Hypermanganesemia with dystonia 1, OMIM:613280;Dystonia/Parkinsonism, Hypermanganesemia, Polycythemia, and Chronic Liver Disease ORPHA:309854,OMIM:613280	progressive but also extraneuronal phenotype					
SLC30A9	2	autosomal recessive	Birk-Landau-Perez syndrome  OMIM:617595	progressive but some patients develop renal insufficiency					
SLC35A2	2	x-linked dominant	Congenital disorder of glycosylation, type Iim OMIM:300896,ORPHA:356961	progressive?					
SLC35A3	2	autosomal recessive	Arthrogryposis, impaired intellectual development, and seizures OMIM:615553,ORPHA:370943						
SLC52A3	2	MONOALLELIC, autosomal or pseudoautosomal, imprinted status unknown	Brown-Vialetto-Van Laere syndrome 1; Fazio-Londe disease  OMIM:211530,OMIM:211500	progressive but also extraneuronal phenotype					
SLC6A8	2	x-linked recessive	Cerebral creatine deficiency syndrome 1 OMIM:300352,ORPHA:52503	additional intestinal problems					
SMARCA2	2	autosomal-dominant	Nicolaides-Baraitser syndrome, Blepharophimosis-impaired intellectual development syndrome OMIM:601358,ORPHA:3051,OMIM:619293,ORPHA:2728	congenital heart defects in some patients					
SMPD4	2	BIALLELIC, autosomal or pseudoautosomal	Neurodevelopmental disorder with microcephaly, arthrogryposis, and structural brain anomalies, cerebellar hypoplasia, hypomyelination, microcephaly, arthrogryposis, diabetes OMIM:618622	progressive microcephaly					
SPATA5L1	2	BIALLELIC, autosomal or pseudoautosomal	Neurodevelopmental disorder with hearing loss and spasticity, OMIM:619616 OMIM:619615,OMIM:619616	progressive?					
SPG11	2	BIALLELIC, autosomal or pseudoautosomal	Amyotrophic lateral sclerosis 5, juvenile, OMIM:602099, Spastic paraplegia 11, autosomal recessive  ORPHA:2822,ORPHA:300605,OMIM:604360,OMIM:616668,OMIM:602099	slowly progressive					
SPG21	2	BIALLELIC, autosomal or pseudoautosomal	Spastic Paraplegia, Recessive  OMIM:248900,ORPHA:101001						
SPG7	2	BIALLELIC, autosomal or pseudoautosomal	Spastic paraplegia 7 (#607259)   complex forms of the disease. Actually associated with a range of phenotypes including adult-onset ataxia OMIM:607259,ORPHA:99013,ORPHA:35689						
SPR	2	BIALLELIC, autosomal or pseudoautosomal	Dystonia, dopa-responsive, due to sepiapterin reductase deficiency, 612716;Movement disorder, autonomic dysfunction, developmental delay, behavioural difficulties;Dopa-Responsive Dystonia;Sepiapterin reductase deficiency OMIM:612716,ORPHA:70594	Treatment with BH4 is effective					
SPTBN2	2	BOTH monoallelic and biallelic, autosomal or pseudoautosomal	Spinocerebellar ataxia 5 (AD); Spinocerebellar ataxia, autosomal recessive 14 (AR) OMIM:600224,ORPHA:98766,ORPHA:352403,OMIM:615386	slowly progressive					
SPTLC1	2	autosomal dominant	Neuropathy, hereditary sensory and autonomic, type IA ORPHA:36386,ORPHA:300605,OMIM:162400	different rates of progression					
SRD5A3	2	BIALLELIC, autosomal or pseudoautosomal	Congenital disorder of glycosylation, type Iq, 612379;Kahrizi syndrome, OMIM:612713,ORPHA:324737,OMIM:612379	progressive?					
ST3GAL3	2	autosomal recessive	Developmental and epileptic encephalopathy 15, Intellectual developmental disorder, autosomal recessive 12 OMIM:615006,ORPHA:88616,ORPHA:3451,OMIM:611090	progressive?					
STAG1	2	autosomal dominant	Mental retardation, autosomal dominant 47 OMIM:617635,ORPHA:502434	might not be severe enough					
STRADA	2	autosomal recessive	Polyhydramnios, megalencephaly, and symptomatic epilepsy OMIM:611087,ORPHA:500533	Developmental stagnation after seizure onset					
SUCLA2	2	BIALLELIC, autosomal or pseudoautosomal	Mitochondrial Leukoencephalopathy;Mitochondrial DNA depletion syndrome 5;Mitochondrial DNA depletion syndrome 5 (encephalomyopathic with or without methylmalonic aciduria) ORPHA:1933,OMIM:612073						
SUCLG1	2	BIALLELIC, autosomal or pseudoautosomal	Mitochondrial DNA depletion syndrome 9 (encephalomyopathic type with methylmalonic aciduria) OMIM:245400,ORPHA:17	progressive neurological disorder but also sever muscle involvement					
SYNE1	2	BIALLELIC, autosomal or pseudoautosomal	Spinocerebellar ataxia, autosomal recessive 8, OMIM:610743;Autosomal recessive ataxia, Beauce type, MONDO:0012549 OMIM:612998,ORPHA:88644,OMIM:618484,OMIM:610743,ORPHA:98853	slowly progressive					
SYT14	2	autosomal recessive	Spinocerebellar ataxia, autosomal recessive 11 OMIM:614229,ORPHA:284271	slowly progressive					
TACO1	2	BIALLELIC, autosomal or pseudoautosomal	Mitochondrial Leukoencephalopathy ORPHA:255241,OMIM:619052	slowly progressive					
TAF1	2	X-LINKED: hemizygous mutation in males, monoallelic mutations in females may cause disease (may be less severe, later onset than males)	Dystonia-Parkinsonism, X-linked, 314250;(NB complex mutation) ORPHA:53351,ORPHA:480907,OMIM:314250,OMIM:300966						
TAF2	2	autosomal recessive	Intellectual developmental disorder, autosomal recessive 40 ORPHA:397951,OMIM:615599	progressive?					
TARDBP	2	MONOALLELIC, autosomal or pseudoautosomal, imprinted status unknown	Amyotrophic Lateral Sclerosis, Dominant;Amyotrophic lateral sclerosis 10, with or without FTD, ORPHA:803,OMIM:612069,ORPHA:275872						
TBCK	2	autosomal recessive	Hypotonia, infantile, with psychomotor retardation and characteristic facies 3	CAVE: progressive neurological disorder but severe hypotonia leading to respiratory insufficiency					
TBK1	2	MONOALLELIC, autosomal or pseudoautosomal, imprinted status unknown	Amyotrophic lateral sclerosis; fronto-temporal dementia						
TCF4	2	autosomal dominant	Pitt-Hopkins syndrome	progressive?					
TGM6	2	MONOALLELIC, autosomal or pseudoautosomal, imprinted status unknown	Spinocerebellar ataxia 35, OMIM:613908,ORPHA:276193	slowly progressive					
THOC2	2	x-linked recessive	Intellectual developmental disorder, X-linked 12 ORPHA:457240,OMIM:300957						
TMEM106B	2	MONOALLELIC, autosomal or pseudoautosomal, NOT imprinted	Leukodystrophy, hypomyelinating, 16, OMIM:617964;Leukodystrophy, hypomyelinating, 16, MONDO:0054791 ORPHA:100070,ORPHA:275864,OMIM:617964,ORPHA:100069						
TMEM240	2	MONOALLELIC, autosomal or pseudoautosomal, imprinted status unknown	Spinocerebellar ataxia 21, ORPHA:98773,OMIM:607454	slowly progressive					
TOE1	2	BIALLELIC, autosomal or pseudoautosomal	Pontocerebellar hypoplasia, type 7 ORPHA:284339,OMIM:614969	progressive?					
TOR1A	2	MONOALLELIC, autosomal or pseudoautosomal, NOT imprinted	Dystonia-1, torsion, OMIM:128100;Dystonic disorder, MONDO:0003441 OMIM:618947,OMIM:128100,ORPHA:36899,ORPHA:256						
TPK1	2	autosomal recessive	Thiamine metabolism dysfunction syndrome 5 (episodic encephalopathy type) OMIM:614458	some features might be progressive					
TRIT1	2	BIALLELIC, autosomal or pseudoautosomal	developmental delay OMIM:617873	progressive?					
TUBB3	2	MONOALLELIC, autosomal or pseudoautosomal, NOT imprinted	  Cortical dysplasia, complex, with other brain malformations 1  OMIM:614039,OMIM:600638,ORPHA:300570						
UBE3A	2	MONOALLELIC, autosomal or pseudoautosomal, paternally imprinted (maternal allele expressed)	Angelman syndrome ORPHA:98794,ORPHA:411511,OMIM:105830,ORPHA:98795,ORPHA:411515,ORPHA:238446	imprinting disorders, ASO therapy already under development					
UGDH	2	autosomal recessive	Developmental and epileptic encephalopathy 84 OMIM:618792	progressive?					
VAMP1	2	MONOALLELIC, autosomal or pseudoautosomal, imprinted status unknown	Spastic ataxia 1, autosomal dominant, ORPHA:251282,OMIM:108600,OMIM:618323,ORPHA:98914						
VPS11	2	BIALLELIC, autosomal or pseudoautosomal	Leukodystrophy, hypomyelinating, 12, OMIM:616683, Dystonia OMIM:619637,ORPHA:466934,OMIM:616683						
VPS16	2	autosomal dominant	"OMIM:619291 	Dystonia 30"	slowly progressive					
WDR26	2	autosomal dominant	Skraban-Deardorff syndrome OMIM:617616,ORPHA:513456	progressive?					
WDR62	2	autosomal recessive	Microcephaly 2, primary, autosomal recessive, with or without cortical malformations ORPHA:2512,OMIM:604317	progressive?					
WDR73	2	BIALLELIC, autosomal or pseudoautosomal	Galloway-Mowat syndrome 1, ORPHA:2065,OMIM:251300,ORPHA:83472						
WDR81	2	BIALLELIC, autosomal or pseudoautosomal	Cerebellar ataxia, mental retardation, and dysequilibrium syndrome 2, OMIM:610185,OMIM:617967,ORPHA:1766	progressive?					
YY1	2	MONOALLELIC, autosomal or pseudoautosomal, NOT imprinted	"Gabriele-de Vries syndrome	OMIM:617557,ORPHA:506358,ORPHA:97279"	progressive?					
ZC4H2	2	X-linked recessive	Wieacker-Wolff syndrome ORPHA:3454,OMIM:314580,OMIM:301041						
ZNF592	2		CAMOS syndrome ORPHA:83472						
AAGAB	3	autosomal dominant	Keratoderma, palmoplantar, punctate type IA, OMIM:148600,ORPHA:79501	skin disease, not neurological					
ABCA12	3	autosomal recessive	Ichthyosis, congenital, autosomal recessive 4A and 4BORPHA:313,OMIM:601277,ORPHA:79394,ORPHA:457,OMIM:242500	occasional mild neurological signs					
ABCA3	3		Surfactant metabolism dysfunction, pulmonary, 3	not neurological, death within first month					
ABCB11	3	autosomal recessive	Cholestasis, ORPHA:69665,OMIM:605479,OMIM:601847	mainly non-neurological					
ABCB4	3	autosomal recessive and autosomal dominant							
ABCB6	3	autosomal dominant	OMIM:614497,ORPHA:90044,ORPHA:241,OMIM:609153,OMIM:615402	not neurological					
ABCB7	3	X-LINKED: hemizygous mutation in males, biallelic mutations in females	Anemia, sideroblastic, with ataxia, OMIM:301310	anemia					
ABCC2	3	autosomal recessive	Dubin-Johnson syndrome	no neuronal phenotype					
ABCC9	3	autosomal recessive	Intellectual disability and myopathy syndrome	phenotype not severe enough					
ABCD3	3	autosomal recessive	Bile acid synthesis defect, congenital, 5	non-neurological, progressive disorder					
ABCD4	3	BIALLELIC, autosomal or pseudoautosomal	Methylmalonic aciduria and homocystinuria, cblJ type, 614857;METHYLMALONIC ACIDURIA AND HOMOCYSTINURIA, CBLJ TYPE; MAHCJ	phenotype not severe enough					
ABCG5	3	autosomal recessive	Sitosterolemia 2	no neurological phenotype					
ABCG8	3	autosomal recessive	Sitosterolemia 1	no neurological phenotype					
ABL1	3	autosomal dominant	Congenital heart defects and skeletal malformations syndrome OMIM:608232,ORPHA:521,OMIM:617602	congenital, mild neurological phenotype					
ACAD8	3	autosomal recessive	Isobutyryl-CoA dehydrogenase deficiency OMIM:611283,ORPHA:79159	extraneural manifestation, CNS symptoms only in few patients					
ACAD9	3	BIALLELIC, autosomal or pseudoautosomal	ACAD9 deficiency, 611126;ACYL-COA DEHYDROGENASE FAMILY MEMBER TYPE 9 DEFICIENCY	severe extraneuronal phenotype					
ACADVL	3	BIALLELIC, autosomal or pseudoautosomal	VLCAD deficiency, 201475	extraneuronal phenotype					
ACAN	3	autosomal dominant and autosomal recessive 	OMIM:608361,OMIM:165800,ORPHA:435804,ORPHA:171866,ORPHA:93283,OMIM:612813	extraneuronal phenotype					
ACAT1	3	BIALLELIC, autosomal or pseudoautosomal	Gene2Phenotype confirmed gene with ID HPO	neurological phenotype not severe enough					
ACD	3	autosomal recessive and autosomal dominant	ORPHA:3322,OMIM:616553,ORPHA:618	neurological manifestation not severe enough					
ACE	3	autosomal recessive	RENAL TUBULAR DYSGENESIS; RTD OMIM:267430	non-neurological					
ACOX2	3	autosomal recessive	Bile acid synthesis defect, congenital, 6 OMIM:617308	mild neurological phenotype					
ACP2	3	autosomal recessive	?Lysosomal acid phosphatase deficiency OMIM:200950	extraneuronal phenotype					
ACP5	3	BIALLELIC, autosomal or pseudoautosomal	Spondyloenchondrodysplasia with immune dysregulation;Spondyloenchondrodysplasia, short stature, SLE, intracranial calcification, spasticity, chilblains, autoimmune haemolytic anaemia	systemic disorder					
ACSL4	3	X-LINKED: hemizygous mutation in males, biallelic mutations in females	Mental retardation, X-linked 63, OMIM:300387;Alport syndrome-intellectual disability-midface hypoplasia-elliptocytosis syndrome, MONDO:0010263	non-progressive mental retardation					
ACTA1	3	autosomal recessive and autosomal dominant	OMIM:255310,ORPHA:97240,OMIM:161800,ORPHA:171430,ORPHA:2020,ORPHA:171436,ORPHA:97244,ORPHA:171439,ORPHA:171433,OMIM:616852	myopathy, some neurological features					
ACTA2	3	MONOALLELIC, autosomal or pseudoautosomal, imprinted status unknown	Aortic aneurysm, familial thoracic 6, 611788;Multisystemic; smooth muscle dysfunction syndrome, 613834;Moyamoya disease 5, 614042	mainly extraneuronal phenotype					
ACTC1	3	autosomal dominant	ORPHA:154,OMIM:612794,OMIM:612098,OMIM:613424,ORPHA:99103	non-neurological					
ACTG2	3	autosomal dominant	ORPHA:2604,ORPHA:2241,OMIM:155310,OMIM:619431	non-neurological					
ACTN1	3	autosomal dominant	"	Bleeding disorder, platelet-type, 15"	not neurological					
ACTN2	3	autosomal dominant	OMIM:618655,ORPHA:154,OMIM:612158,OMIM:618654	mainly heart disease					
ACTN4	3	autosomal dominant	Glomerulosclerosis, focal segmental, 1 OMIM:603278,ORPHA:656	kidney disease					
ACVR1	3	MONOALLELIC, autosomal or pseudoautosomal, imprinted status unknown	Fibrodysplasia ossificans progressiva 135100	severe extraneuronal phenotype					
ADA	3	BIALLELIC, autosomal or pseudoautosomal	Severe combined immunodeficiency due to ADA deficiency, 102700;Adenosine deaminase deficiency, partial, 102700	no neurological phenotype					
ADAMTS10	3	BIALLELIC, autosomal or pseudoautosomal	Weill-Marchesani syndrome 1, recessive, MIM#277600	neurological phenotype not severe enough					
ADAMTS13	3	autosomal recessive	Thrombotic thrombocytopenic purpura, hereditary, OMIM:274150	neurological signs too vague, not severe enough					
ADAMTS2	3	autsosomal recessive	Ehlers-Danlos syndrome, dermatosparaxis type, OMIM:225410,ORPHA:1901	neurology: delayed motor milestones					
ADAMTS3	3	autosomal recessive	Hennekam lymphangiectasia-lymphedema syndrome 3, ORPHA:2136,OMIM:618154	mild neurological phenotype - ID					
ADAMTSL1	3	autosomal dominant	Microcephaly-facial dysmorphism-ocular anomalies-multiple congenital anomalies syndrome, ORPHA:521445	mild neurological phenotype					
ADAMTSL2	3	autosomal recessive	OMIM:231050,ORPHA:1901	mainly extraneuronal phenotype					
ADAMTSL4	3	autosomal recessive	"OMIM:225200,ORPHA:1885,OMIM:225100 Ectopia lentis, isolated, autosomal recessive, 	Ectopia lentis et pupillae"	no retinal disorder					
ADCY1	3	autosomal recessive	Deafness, autosomal recessive 44	unclear if treatable, deafness currently no administration strategy					
ADCY3	3	autosomal recessive	"OMIM:617885 	{Obesity, susceptibility to, BMIQ19}"	mild neurological phenotype					
ADCY6	3	autosomal recessive	"ORPHA:2680,OMIM:616287 	Lethal congenital contracture syndrome 8"	death within 3 months of life CAVE: if drug was available, could potentially be treated					
ADGRG2	3	x-linked	Congenital bilateral absence of vas deferens, X-linked	no neuronal phenotype					
ADGRG6	3	autosomal recessive	Lethal congenital contracture syndrome 9	non-neuronal? Affected individuals die soon after birth					
ADH1B	3	multifactorial	OMIM:103780 alcohol dependence	multifactorial disease					
ADH1C	3	autosomal dominant, multifactorial	OMIM:103780,OMIM:168600 {Parkinson disease, susceptibility to}	multifactorial disease					
ADRB1	3	autosomal dominant	OMIM:618591 [Short sleep, familial natural, 2]	not severe enough					
ADSS1	3	autosomal recessive	"ORPHA:482601,OMIM:617030 	Myopathy, distal, 5 Adenylosuccinate synthetase-like 1-related distal myopathy"	progressive muscle disorder					
AEBP1	3	autosomal recessive	"ORPHA:536532,OMIM:618000 	Ehlers-Danlos syndrome, classic-like, 2"	non-neurological					
AGGF1	3	?	ORPHA:90308 Klippel-Trénaunay syndrome	mostly non-neurological symptoms					
AGK	3	autosomal recessive	OMIM:614691,ORPHA:1369,OMIM:212350	neurological symptoms not severe enough					
AGL	3	biallelic, autosomal recessive	Glycogen sorage disease IIIa/b	predominantly extraneuronal symptoms					
AGPAT2	3	autosomal recessive	OMIM:608594,ORPHA:528 Lipodystrophy, congenital generalized, type 1	predominantly non-neurological					
AGPS	3	BIALLELIC, autosomal or pseudoautosomal	Rhizomelic chondrodysplasia punctata, type 3, 600121	predominantly non-neurological					
AGRN	3	autosomal recessive	Myasthenic syndrome, congenital, 8, with pre- and postsynaptic defects OMIM:615120,ORPHA:98913,ORPHA:98914	mainly non-neuronal phenotype, not progressive					
AGT	3		OMIM:145500,OMIM:267430	non-neuronal phenotype					
AGTR1	3	autosomal recessive	Renal tubular dysgenesis OMIM:145500,OMIM:267430	non-neuronal phenotype					
AIP	3	autosomal dominant	OMIM:102200,ORPHA:2965,ORPHA:963,ORPHA:99725,OMIM:219090	non-neuronal phenotype					
AIPL1	3	BIALLELIC, autosomal or pseudoautosomal	Leber congenital amaurosis 4, 604393;Retinitis pigmentosa, juvenile, 604393;Cone-rod dystrophy, 604393	congenital					
AIRE	3	BIALLELIC, autosomal or pseudoautosomal	Autoimmune polyendocrinopathy syndrome , type I, with or without,reversible metaphyseal dysplasia, 240300	no neurological features					
AK1	3	autosomal recessive	Hemolytic anemia due to adenylate kinase deficiency						
AK2	3	BIALLELIC, autosomal or pseudoautosomal	NA						
AK7	3		Spermatogenic failure 27	no neurological phenotype					
AK9	3	autosomal recessive	Postsynaptic congenital myasthenic syndromes ORPHA:98913	mainly non-neuronal phenotype					
AKAP9	3	autosomal dominant	long QT syndrome ORPHA:130,ORPHA:101016,OMIM:611820	non-neuronal phenotype					
AKR1D1	3	BIALLELIC, autosomal or pseudoautosomal	Bile acid synthesis defect, congenital, 2, 235555	no neurological features					
AKT1	3	MONOALLELIC, autosomal or pseudoautosomal, imprinted status unknown	Cowden syndrome 6 OMIM:164730	cancer syndrome					
AKT2	3	autosomal dominant	OMIM:125853,OMIM:240900,ORPHA:293964,ORPHA:79085	seizures due to hypglycemia					
ALAD	3	BIALLELIC, autosomal or pseudoautosomal	Porphyria, acute hepatic, 612740; {Lead poisoning, susceptibility to}, 612740	no neurological features					
ALAS2	3	x-linked	Anemia, sideroblastic, 1, Protoporphyria, erythropoietic, X-linked	no neurological features					
ALB	3		ORPHA:86816,OMIM:616000,OMIM:615999						
ALDH1A2	3	autosomal recessive	OMIM:620025	non-neuronal phenotype					
ALDH1A3	3	autosomal recessive	Microphthalmia, isolated 8 OMIM:615113,ORPHA:35612	congenital					
ALDOA	3	BIALLELIC, autosomal or pseudoautosomal	Gene2Phenotype confirmed gene with ID HPO	mostly non-neurological symptoms					
ALDOB	3	autosomal recessive	Fructose intolerance, hereditary	can be treated with dietary restrictions					
ALG14	3	autosomal recessive	Myopathy, epilepsy, and progressive cerebral atrophy	die within first year of life, in case patients life longer, than eligible					
ALG5	3	autosomal dominant	ORPHA:730	kidney disease					
ALG8	3	BIALLELIC, autosomal or pseudoautosomal	Congenital disorder of glycosylation, type Ih 608104	no CNS abnormalities					
ALK	3		"	{Neuroblastoma, susceptibility to, 3} ORPHA:635"						
ALKBH8	3	BIALLELIC, autosomal or pseudoautosomal	Intellectual developmental disorder, autosomal recessive 71, OMIM:618504	mild phenotype					
ALOX12B	3	autosomal recessive	Ichthyosis, congenital, autosomal recessive 2 ORPHA:281122,ORPHA:313,ORPHA:79394,OMIM:242100	non-neuronal phenotype					
ALOX5AP	3		Stroke, susceptibility to OMIM:601367						
ALOXE3	3	autosomal recessive	Ichthyosis, congenital, autosomal recessive 3 ORPHA:281122,ORPHA:313,ORPHA:79394,OMIM:606545,OMIM:242100						
ALPK3	3	autosomal recessive	Cardiomyopathy, familial hypertrophic 27 OMIM:618052	non-neuronal phenotype					
ALPL	3	BIALLELIC, autosomal or pseudoautosomal	"Hypophosphatasia, adult 146300 AD, AR;Hypophosphatasia, childhood 241510 AR;Hypophosphatasia, infantile 241500 AR;Odontohypophosphatasia	146300 AD, AR"	seizures reported, severe non-neuronal phenotype					
ALX1	3	autosomal recessive	OMIM:613456,ORPHA:306542	delayed myelination					
ALX3	3	BIALLELIC, autosomal or pseudoautosomal	Frontonasal dysplasia 1, Gene2Phenotype confirmed gene with ID HPO	neuronal phenotype mild					
ALX4	3	BOTH monoallelic and biallelic, autosomal or pseudoautosomal	Parietal foramina;Parietal foramina 2, (AD), 609597;Frontonasal dysplasia 2, (AR), 613451	neuronal phenotype mild					
AMELX	3	X-linked	"	Amelogenesis imperfecta, type 1E"	non neurological					
AMH	3	autosomal recessive	Persistent Mullerian duct syndrome, type I	no neuronal phenotype					
AMHR2	3	autosomal recessive	Persistent Mullerian duct syndrome	no neuronal phenotype					
AMMECR1	3	X-linked recessive	Alport syndrome-intellectual disability-midface hypoplasia-elliptocytosis syndrome, OMIM:300990,ORPHA:86818	mild neuronal phenotype					
AMPD1	3	autosomal recessive	Myopathy due to myoadenylate deaminase deficiency ORPHA:45,OMIM:615511	non-neuronal phenotype					
ANAPC1	3	autosomal recessive	Rothmund-Thomson syndrome, type 1 ORPHA:221008,OMIM:618625	neuronal phenotype mild					
ANAPC7	3	autosomal recessive	Ferguson-Bonni neurodevelopmental syndrome OMIM:619699	no treatable symptoms					
ANK1	3	autosomal dominant and recessive	"	Spherocytosis, type 1 OMIM:182900,ORPHA:251066,ORPHA:822"	not neuronal					
ANKFY1	3	autosomal dominant or recessive 	Genetic steroid-resistant nephrotic syndrome ORPHA:656						
ANKH	3	autosomal dominant	ORPHA:1522,OMIM:123000,ORPHA:1416,OMIM:118600						
ANKRD26	3	autosomal dominant	Thrombocytopenia 2	not neurological					
ANKS6	3	autosomal recessive	Nephronophthisis 16	progressive renal disorder					
ANLN	3	autosomal dominant	Focal segmental glomerulosclerosis 8 OMIM:616032,ORPHA:656	renal disease					
ANO3	3	MONOALLELIC, autosomal or pseudoautosomal, imprinted status unknown	Dystonia 24, 615034;familial form of cranio-cervical dystonia						
ANO5	3	BOTH monoallelic and biallelic, autosomal or pseudoautosomal	Gnathodiaphyseal dysplasia, 166260; Muscular dystrophy, limb-girdle, type 2L, 611307; Miyoshi muscular dystrophy 3, 613319	muscle disorder					
ANO6	3	autosomal recessive	"	Scott syndrome"	not neurological					
ANOS1	3	x-linked recessive	Hypogonadotropic hypogonadism 1 with or without anosmia (Kallmann syndrome 1) ORPHA:478,OMIM:308700	neuronal phenotype not severe enough					
ANTXR2	3	autosomal recessive	Hyaline fibromatosis syndrome	normal intelligence, progressive disorder					
AP1B1	3	BIALLELIC, autosomal or pseudoautosomal	Failure to thrive;Abnormality of the skin;Hearing abnormality;Abnormality of copper homeostasis;Global developmental delay;Intellectual disability						
AP3B1	3	BIALLELIC, autosomal or pseudoautosomal	Hermansky-Pudlak syndrome 2 608233	mild neurological phenotype					
APC	3		ORPHA:99818,OMIM:619182,ORPHA:247806,OMIM:135290,OMIM:114550,ORPHA:873,OMIM:613659,OMIM:175100,OMIM:114500,ORPHA:79665,ORPHA:3258,ORPHA:261584	no neurological phenotype					
APOA1	3		OMIM:619836,ORPHA:425,OMIM:105200,OMIM:618463	no neurological phenotype					
APOA2	3		HYPERCHOLESTEROLEMIA, FAMILIAL, 1; FHCL1	no neurological phenotype					
APOA5	3		OMIM:144650,OMIM:145750						
APOC2	3	autosomal recessive	Hyperlipoproteinemia, type Ib	non-neurological phenotype					
APOL1	3	autosomal dominant and recessive	Genetic steroid-resistant nephrotic syndrome OMIM:612551,ORPHA:656	no neurological phenotype					
APP	3	MONOALLELIC, autosomal or pseudoautosomal, NOT imprinted	Dementia ;Clinical syndrome Alzheimer disease						
AQP2	3	autosomal dominant and recessive	Diabetes insipidus, nephrogenic, 2 ORPHA:223,OMIM:125800	diabetes					
AR_CAG	3	X-LINKED: hemizygous mutation in males, monoallelic mutations in females may cause disease (may be less severe, later onset than males)	Spinal and bulbar muscular atrophy of Kennedy, OMIM:313200						
ARHGAP24	3	autosomal dominant and recessive	Genetic steroid-resistant nephrotic syndrome ORPHA:656	abnomrality of the CNS described but mainly non-neuronal					
ARHGAP29	3	multigenic	Cleft lip/palate ORPHA:199306	non-neuronal					
ARHGDIA	3	autosomal recessive	Genetic steroid-resistant nephrotic syndrome OMIM:615244,ORPHA:656						
ARHGEF10	3	autsomal dominant	Slowed nerve conduction velocity OMIM:608236	phenotype not severe enough					
ARHGEF6	3	x-linked	X-linked non-syndromic intellectual disability ORPHA:777	severity of phenotype?					
ARL14EP	3	BIALLELIC, autosomal or pseudoautosomal	AUTOSOMAL RECESSIVE MENTAL RETARDATION	phenotypic information missing					
ARMC4	3	BIALLELIC, autosomal or pseudoautosomal	Ciliary dyskinesia, primary, 23, 615451 	mainly extraneuronla, neuronal phenotype not severe enough					
ARMC5	3	autosomal dominant	"	ACTH-independent macronodular adrenal hyperplasia 2 OMIM:615954,ORPHA:189427"	neuronal phenotype not severe enough					
ARPC1B	3	autosomal recessive	Immunodeficiency 71 with inflammatory disease and congenital thrombocytopenia	not neurological					
ARSB	3	autosomal recessive	Mucopolysaccharidosis type VI (Maroteaux-Lamy)	progressive disease, occasional cognitive impairment					
ARSE	3	X-LINKED: hemizygous mutation in males, biallelic mutations in females	CHONDRODYSPLASIA PUNCTATA 1, X-LINKED	neuronal phenotype too mild					
ARSL	3	x-linked	Chondrodysplasia punctata, X-linked recessive OMIM:302950,ORPHA:79345	neuronal phenotype too mild					
ASCC1	3	autosomal recessive	OMIM:616867,OMIM:614266 Spinal muscular atrophy with congenital bone fractures 2	death in first days or months					
ASPM	3	BIALLELIC, autosomal or pseudoautosomal	Microcephaly 5, primary, autosomal recessive, 608716;PRIMARY AUTOSOMAL RECESSIVE MICROCEPHALY	not know whether progressive, milder phenotype, onset at birth					
ASPRV1	3	autosomal dominant	ORPHA:313,OMIM:146750 Lamellar ichthyosis	mainly extraneuronal phenotype, occasionaly cognitive impairment					
ASXL1	3	MONOALLELIC, autosomal or pseudoautosomal, NOT imprinted	Bohring-Opitz syndrome, 605039Myelodysplastic syndrome, somatic, 614286;BOHRING-OPITZ SYNDROME	progressive? Severe malformations, death often in childhood					
ASXL3	3	MONOALLELIC, autosomal or pseudoautosomal, NOT imprinted	Bainbridge-Ropers syndrome, OMIM:615485	progressive? Rare described seizures. Treatable phenotype?					
ATF6	3	autosomal recessive	"ORPHA:49382,ORPHA:1872,OMIM:616517 	Achromatopsia 7"	non-progressive in most patients					
ATG5	3	autosomal recessive	OMIM:617584  Spinocerebellar ataxia, autosomal recessive 25	non-progressive					
ATN1_CAG	3	MONOALLELIC, autosomal or pseudoautosomal, NOT imprinted	Dentatorubral-pallidoluysian atrophy, OMIM:125370						
ATOH1	3	autosomal dominant	Deafness, autosomal dominant 89	non-progressive deafness					
ATP1A3	3	MONOALLELIC, autosomal or pseudoautosomal, NOT imprinted	Cerebellar ataxia, areflexia, pes cavus, optic atrophy and sensorineural hearing loss (CAPOS, #601338);Alternating hemiplegia of childhood 2 (#614820) and Dystonia 12 (#128235)	mechanisms of mutations not yet defined, ASO approach seems unlikely					
ATP2A1	3	autosomal recessive	OMIM:601003 Brody myopathy	muscle disorder					
ATP2B1	3	autosomal dominant	OMIM:619910,ORPHA:528084 Intellectual developmental disorder, autosomal dominant 66	non-progressive					
ATP2B3	3	X-linked recessive	OMIM:302500,ORPHA:314978 Spinocerebellar ataxia, X-linked 1	non-progressive					
ATP5A1	3	BIALLELIC, autosomal or pseudoautosomal	?Combined oxidative phosphorylation deficiency 22 616045;?Mitochondrial complex (ATP synthase) deficiency, nuclear type 4 615228	progressive disorder, death in first weeks of life					
ATP5F1E	3	autosomal recessive	OMIM:614053 Mitochondrial complex V (ATP synthase) deficiency, nuclear type 3	described as non-progressive					
ATP6AP1	3	X-LINKED: hemizygous mutation in males, biallelic mutations in females	Immunodeficiency 47, MIM#300972	only in some patient neurological manifestation					
ATP6V0A2	3	BIALLELIC, autosomal or pseudoautosomal	Cutis laxa, autosomal recessive, type IIA 219200;Wrinkly skin syndrome 278250	neurological phenotype described as non-progressive					
ATP6V1B1	3	autosomal recessive	"	Distal renal tubular acidosis 2 with progressive sensorineural hearing loss"	progressive, no administration route for ear					
ATP6V1B2	3	MONOALLELIC, autosomal or pseudoautosomal, NOT imprinted	ZIMMERMANN-LABAND SYNDROME	phenotype not severe enough/not treatable					
ATP6V1E1	3	autosomal-recessive	ORPHA:357074,OMIM:617402	severe heart defect					
ATP7B	3	BIALLELIC, autosomal or pseudoautosomal	Dystonia;Wilson Disease	systemic disorder					
ATP8A2	3	BIALLELIC, autosomal or pseudoautosomal	Cerebellar ataxia, mental retardation, and dysequilibrium syndrome 4  615268  						
ATP8B1	3		OMIM:243300,ORPHA:69665,OMIM:211600,OMIM:147480	mainly extraneuronal manifestation					
ATPAF2	3	BIALLELIC, autosomal or pseudoautosomal	Mitochondrial Leukoencephalopathy;Mitochondrial complex V disorders;General Leukodystrophy & Mitochondrial Leukoencephalopathy						
ATRIP	3	autosomal recessive	ORPHA:808  Seckel syndrome	phenotype not severe enough/not treatable					
ATXN1	3	autosomal dominant	ORPHA:98755,OMIM:164400	repeat expansion disorder					
ATXN1_CAG	3	MONOALLELIC, autosomal or pseudoautosomal, NOT imprinted	Spinocerebellar ataxia 1, OMIM:164400						
ATXN10	3	autosomal dominant	OMIM:603516,ORPHA:98761	repeat expansion disorder					
ATXN10_ATTCT	3	MONOALLELIC, autosomal or pseudoautosomal, NOT imprinted	Spinocerebellar ataxia 10, OMIM:603516						
ATXN2	3	autosomal dominant	ORPHA:803,OMIM:183090,OMIM:168600,ORPHA:98756	repeat expansion disorder					
ATXN2_CAG	3	MONOALLELIC, autosomal or pseudoautosomal, NOT imprinted	Spinocerebellar ataxia 2, OMIM:183090;{Amyotrophic lateral sclerosis, susceptibility to, 13}, OMIM:183090;{Parkinson disease, late-onset, susceptibility to}, OMIM:168600						
ATXN3	3	autosomal dominant	ORPHA:276241,OMIM:109150,ORPHA:276244,ORPHA:276238	repeat expansion disorder					
ATXN7	3	autosomal dominant	ORPHA:94147,OMIM:164500	repeat expansion disorder					
ATXN7_CAG	3	MONOALLELIC, autosomal or pseudoautosomal, NOT imprinted	Spinocerebellar ataxia 7, OMIM:164500						
ATXN8	3	autosomal dominant	OMIM:608768,ORPHA:98760	repeat expansion disorder					
ATXN8OS	3	autosomal dominant	OMIM:608768,ORPHA:98760,OMIM:168600	repeat expansion disorder					
AUTS2	3	MONOALLELIC, autosomal or pseudoautosomal, NOT imprinted	SYNDROMIC INTELLECTUAL DISABILITY	no treatable symptoms					
AVP	3	autosomal dominant	"ORPHA:30925,OMIM:125700 	Diabetes insipidus, neurohypophyseal"	not neuronal					
AVPR2	3	X-linked recessive	OMIM:304800,ORPHA:223,OMIM:300539	seizures, question if CNS treatment will help					
B2M	3		OMIM:241600,OMIM:105200,ORPHA:314652	not neuronal					
B3GALNT2	3	BIALLELIC, autosomal or pseudoautosomal	Muscular dystrophy-dystroglycanopathy (congenital with brain and eye anomalies typeA 11;congenital muscular dystrophies	congenital					
B3GALT6	3	BIALLELIC, autosomal or pseudoautosomal	Spondyloepimetaphyseal dysplasia with joint laxity, type 1, with or without fractures, 271640; Ehlers-Danlos syndrome, progeroid type, 2, 615349	neurological manifestation not severe enough					
B3GAT3	3		OMIM:245600	neuronal manifestation not treatable					
B3GLCT	3	BIALLELIC, autosomal or pseudoautosomal	Peters-plus syndrome, 261540	neuronal manifestation not treatable					
B4GALT1	3	BIALLELIC, autosomal or pseudoautosomal	Congenital disorder of glycosylation, type IId, OMIM:607091	neurological manifestation not severe enough					
B4GALT7	3	BIALLELIC, autosomal or pseudoautosomal	Ehlers-Danlos syndrome, progeroid type, 1, 130070;EHLERS-DANLOS SYNDROME PROGEROID TYPE (EDSP)	neurological manifestation not severe enough					
B4GAT1	3	BIALLELIC, autosomal or pseudoautosomal	Muscular dystrophy-dystroglycanopathy (congenital with brain and eye anomalies), type A, 13, OMIM:615287						
B9D1	3	BIALLELIC, autosomal or pseudoautosomal	Meckel syndrome 9, OMIM:614209;Meckel syndrome 9, MONDO:0013630;Joubert syndrome 27, OMIM:617120;Joubert syndrome 27, MONDO:0014927						
B9D2	3	BIALLELIC, autosomal or pseudoautosomal	Joubert syndrome 34, OMIM:614175;Meckel syndrome 10, OMIM:614175;Meckel syndrome, type 10, MONDO:0013609	neurological symptoms not treatable					
BAAT	3	autosomal recessive	Bile acid conjugation defect 1	not neurological					
BANF1	3	autosomal recessive	"OMIM:614008 	Nestor-Guillermo progeria syndrome"	neurological manifestation?					
BBIP1	3	autosomal recessive	OMIM:615995,ORPHA:110 Bardet-Biedl syndrome 18 	neuronal manifestation not severe enough					
BCAT2	3	autosomal recessive	OMIM:618850	no treatable symptoms					
BCHE	3	autosomal recessive	ORPHA:132,OMIM:617936						
BCL10	3		OMIM:137245,OMIM:273300,OMIM:616098,OMIM:605027,OMIM:156240,ORPHA:52417	Lymphoma					
BCL11A	3	MONOALLELIC, autosomal or pseudoautosomal, NOT imprinted	INTELLECTUAL DISABILITY	no treatable neurological phenotype					
BCL11B	3	MONOALLELIC, autosomal or pseudoautosomal, imprinted status unknown	Intellectual disability;Intellectual developmental disorder with dysmorphic facies, speech delay, and T-cell abnormalities, 618092	no treatable neurological phenotype					
BCL2	3		ORPHA:545	Lymphoma					
BCL6	3		ORPHA:545	Lymphoma					
BCOR	3	X-LINKED: hemizygous mutation in males, monoallelic mutations in females may cause disease (may be less severe, later onset than males)	Microphthalmia, syndromic 2, 300166;MICROPHTHALMIA SYNDROMIC TYPE 2 (MCOPS2)	congenital disorder					
BCR	3		ORPHA:261330,OMIM:608232,ORPHA:521,OMIM:613065	Leukemia					
BCS1L	3	BIALLELIC, autosomal or pseudoautosomal	Mitochondrial Leukoencephalopathy;Mitochondrial complex III disorders	systemic					
BGN	3	x-linked	OMIM:300106,OMIM:300989	no treatable neurological phenotype					
BHLHA9	3	autosomal recessive		not neurological					
BICC1	3	autosomal dominant	ORPHA:730,OMIM:601331	polycystic kidney disease					
BIN1	3	autosomal recessve	OMIM:255200,ORPHA:169186,ORPHA:169189 Centronuclear myopathy 2	mainly muscular phenotype					
BLNK	3	autosomal recessive	ORPHA:33110,OMIM:613502 Autosomal agammaglobulinemia	no neurological phenotype					
BLOC1S3	3	autosomal recessive	Hermansky-Pudlak syndrome 8	no treatable phenotype					
BLOC1S5	3	autosomal recessive	OMIM:619172 Hermansky-Pudlak syndrome 11	no treatable phenotype					
BLOC1S6	3	autosomal recessive	OMIM:614171	no treatable phenotype					
BLTP1	3	autosomal recessive	OMIM:617822	death in utero or soon after birth					
BMP1	3	autosomal recessive	OMIM:614856 Osteogenesis imperfecta, type XIII						
BMP15	3	autosomal recessive	OMIM:300510,ORPHA:243	mainly extraneuronal phenotype					
BMP2	3	autosomal dominant	OMIM:617877,ORPHA:261295,OMIM:235200,ORPHA:93396,OMIM:112600	no relevant neurological phenotype					
BMP4	3	MONOALLELIC, autosomal or pseudoautosomal, imprinted status unknown	Microphthalmia, syndromic 6  607932;Global developmental delay	no treatable neurological phenotype					
BMP6	3	autosomal dominant	ORPHA:465508	not neuronal					
BMPER	3	autosomal recessive	"OMIM:608022,ORPHA:66637 	Diaphanospondylodysostosis"	no relevant neurological phenotype					
BMPR1A	3	autosomal dominant	ORPHA:329971,OMIM:174900,ORPHA:157794,OMIM:610069,ORPHA:440437,ORPHA:79076	no relevant neurological phenotype					
BMPR1B	3	autosomal dominant and recessive	OMIM:616849,ORPHA:2639,ORPHA:93384,OMIM:609441,ORPHA:2098,ORPHA:93396,ORPHA:93388,OMIM:112600	not neuronal					
BMPR2	3	autosomal dominant	PULMONARY HYPERTENSION, PRIMARY, 1; PPH1	not neuronal					
BMS1	3	autosomal dominant	ORPHA:1114,OMIM:107600	not neuronal					
BNC1	3	autosomal dominant	OMIM:618723,ORPHA:243	not neuronal					
BNC2	3	autosomal dominant	ORPHA:93110,OMIM:618612	not neuronal					
BOLA3	3	BIALLELIC, autosomal or pseudoautosomal	Multiple mitochondrial dysfunctions syndrome 2 with hyperglycinemia, OMIM:614299	systemic effects					
BRCA1	3	autosomal recessive	Fanconi anemia, complementation group S	no treatable phenotype					
BRCA2	3	autosomal recessive	"	Fanconi anemia, complementation group D1"	not neuronal					
BRCC3	3	x-linked recessive	ORPHA:280679	no treatable neurological phenotype					
BRF1	3	BIALLELIC, autosomal or pseudoautosomal	Cerebellofaciodental syndrome, 616202;intellectual disability	no treatable phenotype					
BRIP1	3		OMIM:609054,ORPHA:145,OMIM:114480,ORPHA:84 Fanconi anemia, complementation group J	no treatable phenotype					
BRWD3	3	X-LINKED: hemizygous mutation in males, biallelic mutations in females	Mental Retardation, X-linked;Mental retardation, X-linked 93, 300659;MENTAL RETARDATION X-LINKED TYPE 93 (MRX93)	no treatable phenotype					
BSND	3	BIALLELIC, autosomal or pseudoautosomal	Gene2Phenotype confirmed gene with ID HPO	no treatable neurological phenotype					
BTK	3	x-linked recessive	OMIM:300755,OMIM:307200,ORPHA:47						
BTNL2	3	autosomal dominant	ORPHA:797,OMIM:612387	no treatable phenotype					
BUB1	3	autosomal recessive	ORPHA:1052,OMIM:114500	no treatable phenotype					
BUD23	3		ORPHA:904	no treatable phenotype					
BVES	3	autosomal recessive	"OMIM:616812 	Muscular dystrophy, limb-girdle, autosomal recessive 25"	muscular disorder					
C12orf4	3	BIALLELIC, autosomal or pseudoautosomal	Autosomal recessive intellectual disability	phenotype not severe enough					
C14orf39	3	autosomal recessive	OMIM:619202,OMIM:619203	no neurological syptoms					
C16orf62	3	BIALLELIC, autosomal or pseudoautosomal	3C/Ritscher-Schinzel-like syndrome						
C18orf32	3	autosomal recessive	OMIM:619985	death in early childhood, no treatable phenotype					
C1QBP	3	autosomal recessive	"	Combined oxidative phosphorylation deficiency 33"	no treatable neurological phenotype					
C2CD3	3	BIALLELIC, autosomal or pseudoautosomal	Orofaciodigital syndrome XIV, 615948;Joubert-related disorder	congenital and extraneuronal manifestations					
C4B	3		OMIM:614379						
C5orf42	3	BIALLELIC, autosomal or pseudoautosomal	JOUBERT SYNDROME	no treatable phenotype					
C8A	3	autosomal recessive	OMIM:613790	no treatable phenotype					
C8B	3	autosomal recessive	OMIM:613789	no treatable phenotype					
C9orf72	3	autosomal dominant	OMIM:105550	repeat expansion disorder					
C9orf72_GGGGCC	3	MONOALLELIC, autosomal or pseudoautosomal, NOT imprinted	Frontotemporal dementia and/or amyotrophic lateral sclerosis 1, OMIM:105550						
CA2	3	BIALLELIC, autosomal or pseudoautosomal	Osteopetrosis, autosomal recessive 3, with renal tubular acidosis, 259730;OSTEOPETROSIS AUTOSOMAL RECESSIVE TYPE 3 (OPTB3);carbonic anhydrase II deficiency;intellectual disability	no treatable neurological phenotype					
CA5A	3	autosomal recessive	OMIM:615751	no treatable  neurological phenotype					
CA8	3	BIALLELIC, autosomal or pseudoautosomal	Cerebellar ataxia and mental retardation with or without quadrupedal locomotion 3  613227 						
CABP4	3	autosomal recessive	ORPHA:215,ORPHA:98784,OMIM:610427 Cone-rod synaptic disorder, congenital nonprogressive	congenital, non-progressive					
CACNA1A_CAG	3	MONOALLELIC, autosomal or pseudoautosomal, NOT imprinted	Spinocerebellar ataxia 6, OMIM:183086						
CACNA1S	3		ORPHA:681,ORPHA:79102,OMIM:601887,OMIM:188580,ORPHA:423,OMIM:170400	no treatable neurological phenotype					
CACNB2	3	autsomal dominant	"	Brugada syndrome 4"	no treatable neurological phenotype					
CACNB4	3	MONOALLELIC, autosomal or pseudoautosomal, NOT imprinted	EPISODIC ATAXIA, TYPE 5; EPILEPSY, IDIOPATHIC GENERALIZED, SUSCEPTIBILITY TO, 9						
CACNG2	3	autosomal dominant	ORPHA:178469,OMIM:614256 Intellectual developmental disorder, autosomal dominant 10	no treatable phenotype					
CALM1	3	autosomal dominant	OMIM:614916,OMIM:616247,ORPHA:101016,ORPHA:3286	sometimes seizues, treatable?					
CALM2	3	autsomal dominant	OMIM:616249,ORPHA:101016,ORPHA:3286 Long QT syndrome 15	sometimes seizues, treatable?					
CALM3	3	autsomal dominant	OMIM:618782,ORPHA:101016,ORPHA:3286	sometimes seizues, treatable?					
CALR	3		OMIM:254450,ORPHA:3318,ORPHA:131,OMIM:187950,ORPHA:824	not neuronal					
CAMK2G	3	MONOALLELIC, autosomal or pseudoautosomal, imprinted status unknown	Mental retardation, autosomal dominant 59, 618522	no apparent treatable phenotype					
CAMKMT	3		ORPHA:163693	microdeletion syndrome					
CANT1	3	autosomal recessive	OMIM:251450,OMIM:617719,ORPHA:1425	no treatable neurological phenotype					
CAPN10	3		diabetes mellitus						
CAPN3	3	autosomal dominant and recessive	OMIM:618129,ORPHA:267,OMIM:253600 Muscular dystrophy						
CAPZA2	3	MONOALLELIC, autosomal or pseudoautosomal, imprinted status unknown	intellectual disability	seizures in 2 patients described					
CARD9	3	autosomal recessive	OMIM:212050	no treatable phenotype					
CARMIL2	3	autsomal dominant	OMIM:618131	no neurological syptoms					
CASP10	3	autosomal dominant	OMIM:605027,OMIM:613659,OMIM:603909,ORPHA:3261	mainly extraneuronal					
CASQ1	3	autosomal dominant	ORPHA:88635,OMIM:616231,ORPHA:2593 Myopathy, vacuolar, with CASQ1 aggregates	myopthay, non-neuronal					
CASQ2	3	autosomal recessive	OMIM:604772,ORPHA:3286,OMIM:611938 Ventricular tachycardia, catecholaminergic polymorphic, 2	mainly cardica symptoms, also seizures described					
CASZ1	3		ORPHA:1606 1p36 deletion syndrome						
CAT	3	autosomal recessive	OMIM:614097,ORPHA:926	can have neurological symptoms in rare cases					
CAV3	3	autsomal dominant	OMIM:123320,OMIM:614321,ORPHA:206599,OMIM:606072,ORPHA:101016,ORPHA:488650,OMIM:611818,OMIM:192600	no neurological phenotype					
CAVIN1	3	autosomal recessive	ORPHA:528,OMIM:613327	no neurological phenotype					
CBL	3	MONOALLELIC, autosomal or pseudoautosomal, NOT imprinted	Noonan syndrome-like disorder with or without juvenile myelomonocytic leukemia, 613563;NOONAN SYNDROME-LIKE DISORDER WITH OR WITHOUT JUVENILE MEYLOMONOCYTIC LEUKEMIA	phenotype not severe enough					
CBLIF	3	autosomal recessive	OMIM:261000	severity of neurological symptoms?					
CBX2	3		OMIM:613080,ORPHA:242	no neuronal phenotype					
CC2D1A	3	BIALLELIC, autosomal or pseudoautosomal	Mental retardation, autosomal recessive 3, 608443;MENTAL RETARDATION AUTOSOMAL RECESSIVE TYPE 3 (MRT3)	no treatable neurological phenotype					
CCBE1	3	BIALLELIC, autosomal or pseudoautosomal	Hennekam lymphangiectasia-lymphedema syndrome, 235510;HENNEKAM LYMPHANGIECTASIA-LYMPHEDEMA SYNDROME (HLLS)	systemic pathology, patients have seizures but also scoliosis					
CCDC103	3	autosomal recessive	OMIM:614679,ORPHA:244	no treatable neurological phenotype					
CCDC115	3	autosomal recessive	"OMIM:616828 	Congenital disorder of glycosylation, type Iio"	severe extraneuronal manifestations, seizures maybe treatable					
CCDC134	3	autosomal recessive	OMIM:619795	no neurological phenotype					
CCDC141	3	multiple	ORPHA:478,OMIM:146110	mainly extraneuronal, seizures					
CCDC174	3	autosomal recessive	"OMIM:616816 	Hypotonia, infantile, with psychomotor retardation"	muscle disorder and delayed psychomotor development					
CCDC22	3	X-LINKED: hemizygous mutation in males, biallelic mutations in females	SYNDROMIC X-LINKED INTELLECTUAL DISABILITY Ritscher-Schinzel syndrome 2	no treatable neurological phenotype					
CCDC32	3	BIALLELIC, autosomal or pseudoautosomal	global developmental delay	no treatable neurological phenotype					
CCDC34	3	Autosomal recessive or X-linked recessive or Autosomal dominant 	ORPHA:399805	no neurological phenotype					
CCDC39	3	Autosomal dominant or Autosomal recessive or X-linked recessive 	OMIM:613807,ORPHA:244	no treatable neurological phenotype					
CHIT1	3	autosomal recessive	"	[Chitotriosidase deficiency]"	non-disease					
CHMP1A	3	BIALLELIC, autosomal or pseudoautosomal	Pontocerebellar hypoplasia, type 8, 614961	congenital					
CLCN7	3		OMIM:611490,ORPHA:53,ORPHA:210110,OMIM:618541,ORPHA:667,OMIM:166600	multiple associated disorders, one neurological disorder, questionable treatable phenotype					
CNBP	3	autosomal dominant	Myotonic dystrophy 2 OMIM:602668,ORPHA:606						
CNTNAP1	3	BIALLELIC, autosomal or pseudoautosomal	Hypomyelinating neuropathy, congenital, 3, OMIM:618186,ORPHA:2680,OMIM:616286	congenital, early death					
COASY	3	BIALLELIC, autosomal or pseudoautosomal	Severe prenatal onset pontocerebellar hypoplasia, microcephaly, arthrogryposis						
COG5	3	BOTH monoallelic and biallelic, autosomal or pseudoautosomal	"Congenital disorder of glycosylation, type IIi	613612 OMIM:613612,ORPHA:263487"	congenital? Not severe enough					
COL11A2	3	autosomal dominant and recessive		no treatable phenotype					
COL2A1	3		ORPHA:166011,ORPHA:85166,OMIM:184250,ORPHA:93296,OMIM:616583,OMIM:151210,ORPHA:166100,OMIM:132450,OMIM:609508,ORPHA:93346,ORPHA:90653,ORPHA:93315,OMIM:184255,ORPHA:94068,OMIM:271700,OMIM:604864,OMIM:183900,ORPHA:1856,ORPHA:86820,OMIM:609162,OMIM:156550,OMIM:608805,ORPHA:85198,ORPHA:93316,ORPHA:2380,OMIM:150600,OMIM:619248,OMIM:108300,OMIM:200610,ORPHA:485	no relevant neurological phenotype					
COLGALT1	3	BIALLELIC, autosomal or pseudoautosomal	Brain small vessel disease 3, OMIM:618360						
COQ8A	3	BIALLELIC, autosomal or pseudoautosomal	Coenzyme Q10 deficiency, primary 4, 612016;Spinocerebellar Ataxia Type ORPHA:139485,OMIM:612016	systemic					
COQ9	3	BIALLELIC, autosomal or pseudoautosomal	Mitochondrial Leukoencephalopathy;Coenzyme Q10 deficiency, primary, 5;General Leukodystrophy & Mitochondrial Leukoencephalopathy	systemic					
CSF1R	3	BOTH monoallelic and biallelic, autosomal or pseudoautosomal	Leukoencephalopathy, diffuse hereditary, with spheroids, OMIM:221820;Brain abnormalities, neurodegeneration, and dysosteosclerosis, OMIM:618476	AR and AD disorders					
CSNK1D	3	MONOALLELIC, autosomal or pseudoautosomal, NOT imprinted	Advanced sleep-phase syndrome, familial, 2, 615224						
CSTB_CCCCGCCCCGCG	3	BIALLELIC, autosomal or pseudoautosomal	Epilepsy, progressive myoclonic 1A (Unverricht and Lundborg), OMIM:254800						
CTNS	3	autosomal recessive	OMIM:219900,OMIM:219800,OMIM:219750,ORPHA:411641,ORPHA:411629,ORPHA:411634	severe extraneuronal phenotype, neurological deterioration described					
CTSC	3	autosomal recessive	ORPHA:678,OMIM:245000,OMIM:170650,OMIM:245010	no relevant neurological phenotype					
CTSH	3		ORPHA:2073	no treatable phenotype					
CTSK	3	autosomal recessive	OMIM:265800,ORPHA:763	no treatable neurological phenotype					
CUL3	3	MONOALLELIC, autosomal or pseudoautosomal, imprinted status unknown	Global developmental delay;Intellectual disability;Seizures;Abnormality of cardiovascular system morphology;Abnormality of the palate;Pseudohypoaldosteronism, type IIE - MIM #614496  OMIM:614496,OMIM:619239	most likely not progressive, hard to identify useful clinical outcome measures					
DAG1	3		congenital muscular dystrophies ORPHA:370997,ORPHA:899,OMIM:616538,OMIM:613818,ORPHA:280333						
DBH	3	BIALLELIC, autosomal or pseudoautosomal	Dopamine beta-hydroxylase deficiency, 223360 OMIM:223360,ORPHA:230						
DCC	3	BIALLELIC, autosomal or pseudoautosomal	Gaze palsy, familial horizontal, with progressive scoliosis 2, 617542 ORPHA:238722,OMIM:133239,ORPHA:478,OMIM:157600,OMIM:114500,ORPHA:2744,OMIM:617542						
DGUOK	3	BIALLELIC, autosomal or pseudoautosomal	Mitochondrial Leukoencephalopathy;Mitochondrial DNA depletion syndrome 3;General Leukodystrophy & Mitochondrial Leukoencephalopathy OMIM:251880,ORPHA:329314,OMIM:617068,OMIM:617070	patients die of hepatic failure					
DKC1	3	X-LINKED: hemizygous mutation in males, biallelic mutations in females	X-linked dyskeratosis congenita  ORPHA:3322,ORPHA:1775,OMIM:305000	systemic pathology					
DMD	3	X-LINKED: hemizygous mutation in males, biallelic mutations in females	Duchenne muscular dystrophy, 310200Becker muscular dystrophy, 300376Cardiomyopathy, dilated, 3B, 302045;BECKER MUSCULAR DYSTROPHY (BMD) OMIM:300376,ORPHA:777,ORPHA:98896,OMIM:302045,ORPHA:154,ORPHA:206546,OMIM:310200,ORPHA:98895						
DMPK	3	autosomal dominant	Myotonic dystrophy 1 OMIM:160900	repeat expansion					
DNAJC12	3	BIALLELIC, autosomal or pseudoautosomal	Hyperphenylalaninemia, mild, non-BH4-deficient, 617384	described as non-progressive, is dopa-responsive					
DNAJC19	3	BIALLELIC, autosomal or pseudoautosomal	"3-methylglutaconic aciduria, type V 	610198;dilated cardiomyopathy with ataxia (DCMA) syndrome ORPHA:66634,OMIM:610198"	systemic pathology					
DPP6	3	MONOALLELIC, autosomal or pseudoautosomal, NOT imprinted	autosomal dominant microcephaly and mental retardation; Mental retardation, autosomal dominant 33, ORPHA:2514,OMIM:616311,OMIM:612956	phenotype not severe enough					
DTNBP1	3	autosomal recessive	Hermansky-Pudlak syndrome 7	no treatable phenotype					
DYM	3	BIALLELIC, autosomal or pseudoautosomal	Dyggve-Melchior-Clausen disease, 223800Smith-McCort dysplasia, 607326;SMITH-MCCORT DYSPLASIA (SMC) OMIM:607326,OMIM:223800,ORPHA:239	no treatable neurological phenotype					
EIF2AK3	3	BIALLELIC, autosomal or pseudoautosomal	Wolcott-Rallison syndrome, 226980;WOLCOTT-RALLISON SYNDROME (WRS) ORPHA:1667,OMIM:226980	severe extraneuronal phenotype					
ETFA	3	BIALLELIC, autosomal or pseudoautosomal	GLUTARIC ACIDURIA TYPE 2A OMIM:231680	no treatable neurological phenotype					
ETFB	3	BIALLELIC, autosomal or pseudoautosomal	GLUTARIC ACIDURIA TYPE 2B OMIM:231680	no treatable neurological phenotype					
ETFDH	3	BIALLELIC, autosomal or pseudoautosomal	Glutaric Acidemia IIC;Mitochondrial Leukoencephalopathy OMIM:231680	systemic pathology					
FARSA	3	BIALLELIC, autosomal or pseudoautosomal	?Rajab interstitial lung disease with brain calcifications 2, OMIM:619013	systemic pathology					
FARSB	3	BIALLELIC, autosomal or pseudoautosomal	Rajab syndrome, MIM#613658;interstitial lung disease;brain calcifications;microcephaly;intellectual disability	systemic pathology					
FBN1	3	autosomal dominant	ORPHA:2833,OMIM:102370,OMIM:616914,ORPHA:3449,OMIM:614185,OMIM:154700,ORPHA:2462,OMIM:608328,OMIM:604308,ORPHA:91387,ORPHA:284979,OMIM:184900,ORPHA:1885,ORPHA:2084,OMIM:129600,ORPHA:969	no treatable neurological phenotype					
FKRP	3	BIALLELIC, autosomal or pseudoautosomal	Muscular dystrophy-dystroglycanopathy (congenital with brain and eye anomalies), type ORPHA:34515,OMIM:236670,ORPHA:370968,ORPHA:899,OMIM:606612,ORPHA:588,ORPHA:370980,OMIM:613153,ORPHA:370959,OMIM:607155						
FKTN	3	BIALLELIC, autosomal or pseudoautosomal	Fukuyama congenital muscular dystrophy;Fukuyama Congenital Muscular Dystrophy;Muscular dystrophy-dystroglycanopathy (congenital with brain and eye anomalies), type OMIM:611588,OMIM:236670,ORPHA:154,ORPHA:899,ORPHA:272,OMIM:613152,OMIM:253800,ORPHA:588,OMIM:611615,ORPHA:370980						
FLVCR2	3	BIALLELIC, autosomal or pseudoautosomal	Proliferative vasculopathy and hydraencephaly-hydrocephaly syndrome, 225790	perinatal disease					
FMR1	3	X-LINKED: hemizygous mutation in males, monoallelic mutations in females may cause disease (may be less severe, later onset than males)	Fragile X tremor/ataxia syndrome, OMIM:300623 OMIM:300624,ORPHA:93256,OMIM:300623,OMIM:311360,ORPHA:908,ORPHA:261483,ORPHA:449291	repeat expansion					
FXN_GAA	3	BIALLELIC, autosomal or pseudoautosomal	Friedreich ataxia OMIM:229300;Friedreich ataxia with retained reflexes OMIM:229300;Friedreich ataxia 1 MONDO:0100340						
GAA	3	autosomal recessive	Glycogen storage disease II OMIM:232300,ORPHA:308552	systemic pathology, no treatable phenotype					
GALNS	3	autosomal recessive	Mucopolysaccharidosis IVA OMIM:253000	systemic pathology					
GFM1	3	BIALLELIC, autosomal or pseudoautosomal	Combined oxidative phosphorylation deficiency 1;Mitochondrial Leukoencephalopathy;General Leukodystrophy & Mitochondrial Leukoencephalopathy OMIM:609060						
GJA1	3	BOTH monoallelic and biallelic, autosomal or pseudoautosomal	Oculodentodigital dysplasia, OMIM:164200;Oculodentodigital dysplasia, autosomal recessive, OMIM:257850 ORPHA:1522,OMIM:241550,OMIM:218400,OMIM:257850,ORPHA:1010,ORPHA:2248,ORPHA:2710,OMIM:186100,OMIM:164200,ORPHA:93404,ORPHA:317,OMIM:600309,OMIM:617525,OMIM:104100	additional extraneuronal phenotype					
GLA	3	x-linked	OMIM:301500,ORPHA:324 Fabry disease	progressive disorder, mainly extraneuronal manifestation					
GLRB	3	BIALLELIC, autosomal or pseudoautosomal	Hyperekplexia 2, ORPHA:3197,OMIM:614619	improves with age					
GMPPB	3	BIALLELIC, autosomal or pseudoautosomal	Muscular dystrophy-dystroglycanopathy (congenital with brain and eye anomalies), type OMIM:615352,ORPHA:370968,ORPHA:353327,OMIM:615351,ORPHA:588,OMIM:615350,ORPHA:370959,ORPHA:363623						
GNAL	3	MONOALLELIC, autosomal or pseudoautosomal, NOT imprinted	Dystonia 25, ORPHA:329466,OMIM:615073	not severe					
GNPAT	3	BIALLELIC, autosomal or pseudoautosomal	Chondrodysplasia punctata, rhizomelic, type 2, 222765;RHIZOMELIC CHONDRODYSPLASIA PUNCTATA TYPE 2 (RCDP2)	neurological phenotype not severe enough					
GNPTAG	3	autosomal recessive	Mucolipidosis III gamma						
GNPTG	3	BIALLELIC, autosomal or pseudoautosomal	MUCOLIPIDOSIS TYPE III COMPLEMENTATION GROUP C (MLIIIC) OMIM:252605	no treatable neurological phenotype					
GPC3	3	X-LINKED: hemizygous mutation in males, biallelic mutations in females	Simpson-Golabi-Behmel syndrome, type 1, 312870Wilms tumor, somatic, 194070;SIMPSON-GOLABI-BEHMEL SYNDROME, TYPE 1 ORPHA:373,OMIM:312870,OMIM:194070,ORPHA:654	no treatable neurological phenotype					
GTPBP2	3	BIALLELIC, autosomal or pseudoautosomal	Jaberi-Elahi syndrome 617988;Global developmental delay;Intellectual disability;Seizures	non-progressive					
HACE1	3	BIALLELIC, autosomal or pseudoautosomal	Spastic paraplegia;psychomotor retardation;seizure;Spastic paraplegia and psychomotor retardation with or without seizures, ORPHA:635,OMIM:616756,ORPHA:464282						
HNRNPA1	3	MONOALLELIC, autosomal or pseudoautosomal, NOT imprinted	?Inclusion body myopathy wtih early-onset Paget disease without frontotemporal ORPHA:52430,ORPHA:803,OMIM:615424,OMIM:615426						
HPS1	3		OMIM:203300 Hermansky-Pudlak syndrome 1	no treatable phenotype					
HPS3	3		Hermansky-Pudlak syndrome	no treatable phenotype					
HPS4	3		Hermansky-Pudlak syndrome	no treatable phenotype					
HPS5	3		Hermansky-Pudlak syndrome	no treatable phenotype					
HPS6	3		OMIM:614075	no treatable phenotype					
HTT_CAG	3	MONOALLELIC, autosomal or pseudoautosomal, NOT imprinted	Huntington disease, OMIM:143100	repeat expansion					
HYAL1	3	autosomal recessive	"	Mucopolysaccharidosis type IX"	not neurological					
IDUA	3	autosomal recessive	Mucopolysaccharidosis OMIM:607015,ORPHA:93473,OMIM:607016,ORPHA:93474,OMIM:607014,ORPHA:93476	systemic pathology					
ISCA-37390-Loss	3	MONOALLELIC, autosomal or pseudoautosomal, imprinted status unknown	123450;PMID 15635506: characteristic cry, speech delay, facial dysmorphology, and level of mental retardation. PMID 11238681: interstitial deletions and one with a small terminal deletion confirmed the existence of two critical regions, one for dysmorphism and mental retardation in p15.2 and the other for the cat cry in p15.3. Results from one patient permitted the cat cry region to be distally narrowed from D5S13 to D5S731, study supports hypothesis of a separate region in p15.3 for the speech delay						
ISCA-37392-Gain	3	MONOALLELIC, autosomal or pseudoautosomal, imprinted status unknown	intellectual disability;609757;behavior problems;abnormal gait and station;cardiovascular disease;phonologic disorders;distinctive facial features;neurologic abnormalities;speech sound disorders						
ISCA-37392-Loss	3	MONOALLELIC, autosomal or pseudoautosomal, imprinted status unknown	194050;Williams syndrome						
ISCA-37393-Gain	3	MONOALLELIC, autosomal or pseudoautosomal, imprinted status unknown	PMID 22890013: variable phenotype including developmental delay, ocular coloboma, preauricular tags/pits, cleft palate, skeletal defects, heart defects, urogenital defect, anal defect, hearing loss, clinodactyly of fifth fingers, umbilical hernia, accessory spleen, strabismus, shortening of the fifth finger. PMID 22495764: Inter and intra individual variability of phenotype, mosaic. PMID 11693792: preauricular skin tags and pits, downslanting palpebral fissures, hypertelorism, ectopic anus, hypospadias, and hypoplastic left heart syndrome;115470						
ISCA-37394-Loss	3	MONOALLELIC, autosomal or pseudoautosomal, imprinted status unknown	2q37 deletion syndrome is a condition that can affect many parts of the body. This condition is characterized by weak muscle tone (hypotonia) in infancy, mild to severe intellectual disability and developmental delay, behavioral problems, characteristic facial features, and other physical abnormalities. PMID 23188045 brachydactyly-mental retardation syndrome, Albright hereditary osteodystrophy-like syndrome, developmental delay and behavioural abnormalities in combination;600430						
ISCA-37396-Loss	3	MONOALLELIC, autosomal or pseudoautosomal, imprinted status unknown	Chromosome 15q24 deletion syndrome, 613406;PMID: 22180641 intellectual disability, growth retardation, unusual facial morphology;developmental delay, severe speech problems;PMID:19557438 Developmental delay, short stature, hypotonia, digital abnormalities, joint laxity, genital abnormalities, characteristic facial features;PMID:614294 Developmental delay, loose connective tissue, digital and genital anomalies, distinct facial gestalt, congenital diaphragmatic hernia						
ISCA-37397-Gain	3	MONOALLELIC, autosomal or pseudoautosomal, imprinted status unknown	seizures;failure to thrive;ADHD;heart defects;speech disturbances;hypernasal speech;hearing impariment;abnormal behaviour;developmental delay;hypotonia;micro- or macrocephaly						
ISCA-37397-Loss	3	MONOALLELIC, autosomal or pseudoautosomal, imprinted status unknown	diaphragmatic hernia;mild skeletal abnormalities;uterine didelphys;611867;DiGeorge syndrome (DGS);clinodactyly;velocardiofacial syndrome;ADHD;Goldenhar syndrome;prematurity;developmental delay;micropephaly;cardiovascular defects;Seizures;global developmental delay;language delay;prenatal and postnatal growth delay;Hyptonia						
ISCA-37400-Gain	3	MONOALLELIC, autosomal or pseudoautosomal, imprinted status unknown	614671;intellectual disability;delayed development;autism;specific deficits in speech or language						
ISCA-37400-Loss	3	MONOALLELIC, autosomal or pseudoautosomal, imprinted status unknown	seizures;intellectual disability;Chiari malformations;cerebellar ectopia;611913;mental retardation;Macrocephaly;developmental delay;autism spectrum disorder (ASD);vertebral anomalies						
ISCA-37401-Loss	3	MONOALLELIC, autosomal or pseudoautosomal, imprinted status unknown	Wilms tumor, aniridia, genitourinary anomalies and mental retardation syndrome;194072						
ISCA-37404-Gain	3	MONOALLELIC, autosomal or pseudoautosomal, imprinted status unknown	chromosome 15q11-q13 duplication syndrome;include autism, mental retardation, ataxia, seizures, developmental delays, and behavioral problems;608636;delayed development and intellectual disability associated with abnormal behavior and dysmorphic facial features. Additional variable features may include thin corpus callosum on brain imaging and sleep disturbances. Carrier females may be mildly affected						
ISCA-37404-Loss	3	MONOALLELIC, autosomal or pseudoautosomal, imprinted status unknown	microcephaly;105833;Developmental delay, muscle weakness;Mental retardation;Angelman syndrome;176270;Prader-Willi syndrome						
ISCA-37405-Loss	3	BIALLELIC, autosomal or pseudoautosomal	juvenile nephronophthisis 1: including growth retardation.  Joubert syndrome: multisystem disease characterized by cerebellar vermis hypoplasia with prominent superior cerebellar peduncles (resulting in the 'molar tooth sign,' or MTS, on axial MRI), mental retardation, hypotonia, irregular breathing pattern, and eye movement abnormalities;266900;609583						
ISCA-37406-Loss	3	MONOALLELIC, autosomal or pseudoautosomal, imprinted status unknown	PMID: 10573006 death in infancy, accessory spleens, hypoplastic left heart, abnormal pulmonary lobulation, renal agenesis (patient 1), severe neonatal seizures (patient 2). PMID 16783566: failure to thrive, life-threatening malformations, and/or critical infections, and all died in infancy (5 weeks, 7 months, and 9 months, respectivelyFrom Genetics Home Reference: short stature, moderate to severe intellectual disability, distinctive facial features, and broad thumbs and first toes;610543						
ISCA-37408-Loss	3	MONOALLELIC, autosomal or pseudoautosomal, imprinted status unknown	PMID: 16963482 idiopathic intellectual disability including moderate to severe intellectual disability, autism/autistic features, microcephaly, structural brain anomalies including cortical dysplasia/pachygyria, renal anomalies (multicystic kidney, hydronephrosis), digital camptodactyly, visual impairment, strabismus, neuromotor deficits, communication and attention impairments, and a distinctive pattern of craniofacial features. Dysmorphic craniofacial features include progressive microcephaly, flat occiput, widened inner canthal distance, small palpebral fissures, ptosis, long and straight eyelashes, broad and high nasal root extending to a widened, prominent nasal tip with elongated, smooth philtrum, rounding of the upper vermillion border and everted lower lips. PMID: 18245392 A 32-year-old, mentally retarded male was referred to our centre for further clinical genetic analysis. He was born to non-consanguineous parents after 42 weeks gestation with a birth weight of 3500 g. He had a healthy older brother. In the neonatal period he was hypotonic and at 8 weeks of age he underwent surgery because of an inguinal hernia with removal of an atrophic right testis. His motor development was severely delayed with sitting at 3.5 years and walking at 5 years of age. Speech was poorly developed, characterised by the usage of only a few words. During infancy an optic nerve hypoplasia was diagnosed, and during childhood he frequently suffered from luxations of the patellae, which required surgery. At the age of 32 years his height is 163 cm (_3 SDS) and head circumference 52.5 cm (_2.5 SDS). He has a narrow receding forehead, widened inner canthal distance of 3.5 cm (90th centile), normal outer canthal distance of 8.5 cm (25th centile), telecanthus, short and down slanting palpebral fissures, epicanthal folds, ptosis, long, straight eyelashes, high nasal bridge, low set large ears, flat philtrum, small mouth with high, narrow palate and retrognathia. The thorax is broad with increased internipple distance and slight gynaecomastia. A recent renal ultrasound revealed multiple cysts in the left, dystrophic kidney and two uncomplicated cysts in the enlarged, right kidney. The patient has a normally sized phallus with absent right testis and small left testis. His hands show a simian crease right and tapering fingers with broad proximal interphalangeal joints. He shows sandal gaps on both flat feet with clinodactyly of the fourth and fifth toes (and more);612513;PMID: 22579565 severe developmental delay, congenital microcephaly, intractable epilepsy, and renal anomalies, as well as a congenital choledochal cyst which has not been previously reported in other patients with this cytogenetic defect						
ISCA-37411-Loss	3	MONOALLELIC, autosomal or pseudoautosomal, imprinted status unknown	PMID: 19289393 incomplete penetrance for developmental delay, mental retardation, or borderline IQ in most and autistic spectrum disorder (6/14), speech delay, aggressiveness, attention deficit hyperactivity disorder, and other behavioural problems;612001;PMID: 18278044  mental retardation, epilepsy and variable facial and digital dysmorphisms;PMID: 19136953 idiopathic generalized epilepsy without other features previously associated with 15q13.3 microdeletions, such as intellectual disability, autism or schizophrenia						
ISCA-37415-Gain	3	MONOALLELIC, autosomal or pseudoautosomal, imprinted status unknown	Intellectual disability;Developmental delay;Autism;Aortopathy						
ISCA-37415-Loss	3	MONOALLELIC, autosomal or pseudoautosomal, imprinted status unknown	PMID: 18550696 Phenotypic variability, common features were identified: mental retardation, microcephaly and epilepsy in three patients, two of these had also short stature, and two other deletion carriers ascertained prenatally presented with cleft lip and midline defects						
ISCA-37418-Gain	3	MONOALLELIC, autosomal or pseudoautosomal, imprinted status unknown	infantile hypotonia, failure to thrive, mental retardation, autistic features, sleep apnea, and structural cardiovascular anomalies;610883;characterized by hypotonia, poor feeding, failure to thrive, developmental delay, mild-moderate intellectual deficit, and neuropsychiatric disorders. Structural cardiovascular anomalies (dilated aortic root, bicommissural aortic valve, atrial/ventricular and septal defects) and sleep disturbance (obstructive and central sleep apnea) are also frequently associated						
ISCA-37418-Loss	3	MONOALLELIC, autosomal or pseudoautosomal, imprinted status unknown	Smith-Magenis syndrome, OMIM:182290;Smith-Magenis syndrome, MONDO:0008434						
ISCA-37420-Loss	3	MONOALLELIC, autosomal or pseudoautosomal, imprinted status unknown	PMID: 18628315 developmental delay, hypotonia, facial dysmorphisms including a long face, a tubular or pear-shaped nose and a bulbous nasal tip, and a friendly/amiable behaviour, other clinically important features include epilepsy, heart defects and kidney/urologic anomalies;610443;PMID: 25217958;Koolen-De Vries syndrome 610443						
ISCA-37421-Gain	3	MONOALLELIC, autosomal or pseudoautosomal, imprinted status unknown	Chromosome 1q21.1 duplication syndrome;ncomplete penetrance and variable expression characterized by macrocephaly, developmental delay, intellectual disability, psychiatric disturbances (autism spectrum disorder, attention deficit hyperactivity disorder, schizophrenia, mood disorders) and mild facial dysmorphism (high forehead, hypertelorism). Other associated features include congenital heart defects, hypotonia, short stature, scoliosis;612475;1q21.1 microduplication syndrome						
ISCA-37421-Loss	3	MONOALLELIC, autosomal or pseudoautosomal, imprinted status unknown	dysmorphic features;612474;Moderate mental retardation, microcephaly, cardiac abnormalities, and cataracts;mild to moderate developmental delay						
ISCA-37423-Gain	3	MONOALLELIC, autosomal or pseudoautosomal, imprinted status unknown	Behavioral problems, cleft lip and/or palate, macrocephaly, and seizures were confirmed as additional features among the new patients, and novel features included neonatal respiratory distress, attention deficit hyperactivity disorder (ADHD), ocular anomalies, balance problems, hypotonia, and hydrocele.;mild to moderate developmental delay, intellectual disability, mild facial dysmorphism (incl. prominent forehead, arched eyebrows, broad nasal bridge, upturned nares, cleft lip and/or palate) and congenital cardiac anomalies (e.g., atrioventricular septal defect). Other reported features include macrocephaly, behavioral abnormalities (e.g., attention deficit disorder), seizures, hypotonia and ocular and digital anomalies (poly/syndactyly);congenital heart disease;8p23.1 duplication syndrome						
ISCA-37423-Loss	3	MONOALLELIC, autosomal or pseudoautosomal, imprinted status unknown	prenatal and postnatal growth retardation, low birth weight, mild to moderate intellectual deficit, psychomotor retardation, poor speech, seizures, behavioral problems such as hyperactivity and impulsiveness. Frequent craniofacial abnormalities include microcephaly, high and narrow forehead, broad nasal bridge, epicanthic folds, high arched palate, short neck and low set unusually shaped ears. Furthermore congenital heart defects (atrioventricular, septal defects, pulmonary stenosis), congenital diaphragmatic hernia and in boys cryptorchidism and hypospadias have been frequently reported.;congenital heart defects, microcephaly, psychomotor delay and behavioural problems;hyperactivity, craniofacial abnormalities;8p23.1 microdeletion syndrome;moderate intellectual disability						
ISCA-37424-Loss	3	MONOALLELIC, autosomal or pseudoautosomal, imprinted status unknown	PMID 20345475 macrocephaly, hypertelorism, and arachnodactyly, and neurodevelopmental delay that includes failure to thrive, hypotonia, and feeding difficulties in the neonatal period, and receptive and expressive language delay with global neurodevelopmental delay after the neonatal period.  PMID: 21248748 developmental delay, mainly affecting speech. In addition, macrocephaly, mild facial dysmorphisms, cerebellar anomalies, cardiac defects and congenital breast aplasia;PMID: 25217958 none specified;PMID: 24550761 age-appropriate language development evaluated by a standardized test at an age of 2 years and 3 months. The boy was born with a cleft palate - a feature not present in any of the patients described before,  phenotype of patients with an LCR3/4-flanked 10q22.3q23.2 deletion can be rather variable						
ISCA-37425-Gain	3	MONOALLELIC, autosomal or pseudoautosomal, imprinted status unknown	Microcephaly, short stature and developmental delay;short stature, microcephaly, learning disability or mild to moderate ID, and distinctive facial features comprising periorbital fullness, short palpebral fissures, a long nose with broad or long nasal tip, a smooth philtrum and a thin upper lip vermilion. Behavioral problems, ocular and minor hand anomalies may be associated.						
ISCA-37425-Loss	3	MONOALLELIC, autosomal or pseudoautosomal, imprinted status unknown	macrocephaly, overgrowth and advanced bone age;colpocephaly;Sotos syndrome;macrocephaly;117550;rapid growth, acromegalic features, and a nonprogressive cerebral disorder with mental retardation. High-arched palate and prominent jaw						
ISCA-37429-Loss	3	MONOALLELIC, autosomal or pseudoautosomal, imprinted status unknown	194190;Wolf-Hirschhorn syndrome						
ISCA-37430-Gain	3	MONOALLELIC, autosomal or pseudoautosomal, imprinted status unknown	613215;Chromosome 17p13.3 duplication syndrome;variable psychomotor delay and dysmorphic features;17q11.2 microduplication syndrome						
ISCA-37430-Loss	3	MONOALLELIC, autosomal or pseudoautosomal, imprinted status unknown	microcephaly, dysgenesis of the corpus callosum, and cerebellar atrophy, as well as neurobehavioral disorders, including delayed development, mental retardation, and attention deficit-hyperactivity disorder. Patients with duplications of YWHAE tended to have macrosomia, facial dysmorphism, and mild developmental delay;growth restriction, craniofacial dysmorphisms, structural abnormalities of brain and cognitive impairment;Chromosome 17p13.3 duplication syndrome;prominent forehead, bitemporal hollowing, short nose with upturned nares, protuberant upper lip, thin vermilion border, and small jaw;Characteristic facies, pre- and post-natal growth retardation;247200;classic lissencephaly (pachygyria, incomplete or absent gyration of the cerebrum), microcephaly, wrinkled skin over the glabella and frontal suture, prominent occiput, narrow forehead, downward slanting palpebral fissures, small nose and chin, cardiac malformations, hypoplastic male extrenal genitalia, growth retardation, and mental deficiency with seizures and EEG abnormalities;Miller-Dieker lissencephaly syndrome						
ISCA-37431-Gain	3	MONOALLELIC, autosomal or pseudoautosomal, imprinted status unknown	early onset of baldness (15 years old), dental enamel hypoplasia and minor facial dysmorphism;Chromosome 17q11.2 deletion syndrome, 1.4Mb;DD/ID, facial dysmorphisms, and seizures						
ISCA-37431-Loss	3	MONOALLELIC, autosomal or pseudoautosomal, imprinted status unknown	dysmorphic features, cardiac anomalies and mental retardation;613675;variable facial dysmorphism,  cafe-au-lait spots, neurofibromas and Lisch nodules in the iris, mental retardation, developmental delay, an excessive number of early-onset neurofibromas and an increased risk for malignant peripheral nerve sheath tumors;NEUROFIBROMATOSIS 1 MICRODELETION SYNDROME;NF1 MICRODELETION SYNDROME;Chromosome 17q11.2 deletion syndrome, 1.4Mb						
ISCA-37432-Gain	3	MONOALLELIC, autosomal or pseudoautosomal, imprinted status unknown	developmental delay, mild to severe intellectual disability, speech delay, seizures, microcephaly, behavioral abnormalities, autism spectrum disorder, eye or vision defects (such as strabismus, astigmatism, amblyopia, cataract, coloboma, and microphthalmia), non-specific dysmorphic features, hypotonia, cardiac and renal anomalies, schizophrenia;Speech and language delay;Seizures (not all);Chromosome 17q12 duplication syndrome;614526;Behavioural difficulties						
ISCA-37432-Loss	3	MONOALLELIC, autosomal or pseudoautosomal, imprinted status unknown	RCAD syndrome;utero-vaginal atresia;Schizophrenia;614527;delayed development, intellectual disability;Renal cysts and diabetes syndrome;Autism Spectrum Disorder;Mayer-Rokitansky-Kster-Hauser (MRKH) syndrome in females;Chromosome 17q12 deletion syndrome;global developmental delay						
ISCA-37433-Gain	3	MONOALLELIC, autosomal or pseudoautosomal, imprinted status unknown	608363;Chromosome 22q11.2 microduplication syndrome;dysmorphic facial features, cognitive deficits, velopharyngeal insufficiency, congenital heart defects and immunologic derangement;delayed psychomotor development, growth retardation, and/or hypotonia						
ISCA-37433-Loss	3	MONOALLELIC, autosomal or pseudoautosomal, imprinted status unknown	Learning difficulties;immune deficiency;renal anomalies;cleft palate, polydactyly;22q11.2 deletion syndrome;diaphragmatic hernia;192430;polyhydramnios;DiGeorge syndrome;Velocardiofacial syndrome;188400;facial dysmorphic features, high frequency of cardiac defects, including conotruncal defects, prematurity, growth restriction, microcephaly, and mild developmental delay;congenital heart disease						
ISCA-37434-Loss	3	MONOALLELIC, autosomal or pseudoautosomal, imprinted status unknown	posteriorly rotated, low-set, abnormal ears;brachycephaly;epicanthus;heart defects;pointed chin;deep-set eyes;microcephaly;hypotonia;seizures;poor/absent speech;central nervous system anomalies;large anterior fontanels;microbrachycephaly;mental retardation;growth impairment;large, late-closing anterior fontanel;flat nose;nasal bridge;developmental delay;hearing impairment;distinct dysmorphic features;1p36 deletion syndrome;607872						
ISCA-37439-Gain	3	X-LINKED: hemizygous mutation in males, monoallelic mutations in females may cause disease (may be less severe, later onset than males)	28300815;Chromosome Xq duplication syndrome						
ISCA-37440-Loss	3	BIALLELIC, autosomal or pseudoautosomal	mild/moderate mental retardation;facial dysmorphism;Hypotonia-cystinuria syndrome (HCS);2p21 deletion syndrome;rapid weight gain in late childhood;failure to thrive;growth hormone deficiency;606407;lactic acidemia;respiratory chain complex IV deficiency;hyperphagia;minor facial dysmorphism;severe somatic and developmental delay;nephrolithiasis;cystinuria;neonatal seizures;hypotonia						
ISCA-37441-Loss	3	MONOALLELIC, autosomal or pseudoautosomal, imprinted status unknown	Potocki-Shaffer syndrome;multiple exostoses;biparietal foramina;intellectual disability;strabismus;minor craniofacial anomalies;myopia;ophthalmologic anomalies;601224;mental retardation;enlarged anterior fontanel;genital abnormalities in males;parietal foramina;developmental delay						
ISCA-37443-Loss	3	MONOALLELIC, autosomal or pseudoautosomal, imprinted status unknown	. mild to moderate mental retardation, with only slightly dysmorphic facial features that were similar in most patients: long and narrow face, short philtrum, and high nasal bridge. Autism, gait ataxia, chest wall deformity, and long and tapering fingers were noted in at least 2 of the 6 patients. delayed psychomotor development with mild to moderate mental retardation and/or learning disabilities with speech delay. All had low birth weight, microcephaly, high nasal bridge, and short philtrum, and 3 had clinodactyly of the toes.  primary pulmonary hypertension, patent ductus arteriosus (PDA), subvalvular aortic stenosis, and gastroesophageal reflux, and required neonatal intensive care for 57 days after birth due to complications of meconium aspiration. He had mild dysmorphic features, including posteriorly rotated ears, shallow orbits, frontal bossing, prominent nose, long thin lip, and broad face. He also had bilateral sandal gap toes, single palmar creases, and bilateral inguinal hernia. However, he was developmentally normal at age 6 months. delayed psychomotor development with delayed waking and poor motor skills, autism with speech delay, mental retardation, and psychiatric disturbances, including aggression, anxiety, hyperactivity, and bipolar disorder with psychosis in 1. Both had dysmorphic features, including high nasal bridge, asymmetric face, and crowded/dysplastic teeth;1 had micrognathia and epicanthal folds. Both had tapered fingers. 609425;Chromosome 3q29 microdeletion syndrome						
ISCA-37446-Gain	3	MONOALLELIC, autosomal or pseudoautosomal, imprinted status unknown	608363;intellectual disability and congenital abnormalities,Autism;chromosome 22q11.2 microduplication;heart defects, urogenital abnormalities, velopharyngeal insufficiency with or without cleft palate, and ranging from multiple defects to mild learning difficulties with some individuals being essentially normal						
ISCA-37446-Loss	3	MONOALLELIC, autosomal or pseudoautosomal, imprinted status unknown	micrognathia;neonatal hypocalcemia, which may present as tetany or seizures, due to hypoplasia of the parathyroid glands, and susceptibility to infection due to a deficit of T cells;clefting;DiGeorge syndrome;Velocardiofacial syndrome;188400;cardiac malformations;Hearing deficits						
ISCA-37468-Loss	3	X-LINKED: hemizygous mutation in males, monoallelic mutations in females may cause disease (may be less severe, later onset than males)	episodes of sudden loss of muscle tone;severe intellectual disability;exiting behavior;short stature;eleveated serotonin levels;autistic features;lip-smacking;hypotonia;stereotypical hand movements						
ISCA-37478-Gain	3	MONOALLELIC, autosomal or pseudoautosomal, imprinted status unknown	hypotonia and motor delays, intellectual disability, autism spectrum disorder (ASD), and epilepsy including infantile spasms, 608636;chromosome 15q11-q13 duplication syndrome;autism, mental retardation, ataxia, seizures, developmental delays, and behavioral problems						
ISCA-37478-Loss	3	MONOALLELIC, autosomal or pseudoautosomal, imprinted status unknown	microcephaly;Developmental delay, muscle weakness;Mental retardation;Angelman syndrome;176270;Prader-Willi syndrome;105830						
ISCA-37486-Loss	3	MONOALLELIC, autosomal or pseudoautosomal, imprinted status unknown	developmental delay;613444;obesity						
ISCA-37493-Loss	3	MONOALLELIC, autosomal or pseudoautosomal, imprinted status unknown	microcephaly;seizures;agenesis of the corpus callosum;intellectual disability;hand and foot anomalies;612337;non-specific craniofacial anomalies;hypoplasia;psychomotor retardation;hypogenesis of the corpus callosum						
ISCA-37494-Gain	3	X-LINKED: hemizygous mutation in males, monoallelic mutations in females may cause disease (may be less severe, later onset than males)	Chromosome Xq28 duplication syndrome, 300815;X linked intellectual disability (XLID);PMID: 25927380 cognitive impairment, behavioral problems, distinctive facial features;duplication affects males with a recognizable syndrome, females exhibiting milder phenotypes;PMID:21984752 behavioural abnormalities (hyperactivity and aggressiveness), characteristic facial features (high forehead, upper eyelid fullness, broad nasal bridge and thick lower lip);PMID:24357492 Cognitive impairment in male patients						
ISCA-37494-Loss	3	X-LINKED: hemizygous mutation in males, monoallelic mutations in females may cause disease (may be less severe, later onset than males)	PMID: 25927380 cognitive impairment, behavioral problems, distinctive facial features;deletion results in skewed chromosome X inactivation and no clinical phenotype in females;PMID: 21984752 in utero male lethality with deletions						
ISCA-37500-Loss	3	MONOALLELIC, autosomal or pseudoautosomal, imprinted status unknown	mild to moderate cognitive deficit;Diamond-Blackfan anemia;intellectual disability;614294;anemia;congenital diaphragmatic hernia;cryptorchidism in males;severe speech and psychomotor delay;mental retardation;postnatal short stature;behavioral problem;mild dysmorphic feature;developmental delay						
ISCA-37501-Loss	3	MONOALLELIC, autosomal or pseudoautosomal, imprinted status unknown	Chromosome 17q23.1-q23.2 deletion syndrome, 613355;PMID:20206336 mild to moderate developmental delay (particularly speech delay), microcephaly, postnatal growth retardation, heart defects, hand, foot and limb abnormalities;PMID: 22052739 Developmental delay, heart defects, microcephaly, postnatal growth retardation, hand, foot and limb abnormalities, sensorineural hearing loss						
ISCA-46290-Gain	3	X-LINKED: hemizygous mutation in males, biallelic mutations in females	Idiopathic mental retardation, speech delay, and a peculiar electroencephalographic (EEG) pattern in childhood. Autism and epilepsy, severe intellectual disability and dysmorphic facial features. Moderate to severe intellectual disability, early onset of puberty, language impairment, and age related epileptic syndromes such as West syndrome and focal epilepsy with activation during sleep evolving in some patients to continuous spikes-and-waves during slow sleep;300801						
ISCA-46295-Loss	3	MONOALLELIC, autosomal or pseudoautosomal, imprinted status unknown	seizures;20236110;mental retardation;22775350;dysmorphic features;developmental delay;severe epileptic encephalopathy						
ISCA-46299-Gain	3	X-LINKED: hemizygous mutation in males, monoallelic mutations in females may cause disease (may be less severe, later onset than males)	X linked intellectual disability (XLID);PMID: 26692240 Mild profound intellectual disability, speech delay, failure to thrive, hand abnormalities, motor delay, abnormal palate;PMID:22840365 Mild intellectual disability;PMID:26692240 Region 2 (53,160,114 53,713,154 bp Within Chromosome Xp11.22)						
ISG15	3	BIALLELIC, autosomal or pseudoautosomal	Immunodeficiency 38 616126						
ISPD	3	BIALLELIC, autosomal or pseudoautosomal	Congenital Muscular Dystrophy, alpha-dystroglycan related;Muscular dystrophy-dystroglycanopathy (congenital with brain and eye anomalies), type	most patients die in first year of life					
IVD	3	BIALLELIC, autosomal or pseudoautosomal	"Isovaleric acidemia	ORPHA:33,OMIM:243500"	systemic pathology					
JPH3_CTG	3	MONOALLELIC, autosomal or pseudoautosomal, NOT imprinted	Huntington disease-like 2, OMIM:606438						
KCNJ2	3	MONOALLELIC, autosomal or pseudoautosomal, NOT imprinted	Andersen syndrome, OMIM:170390;Andersen-Tawil syndrome, MONDO:0008222;Episodic weakness;Periodic paralysis OMIM:170390,ORPHA:51083,ORPHA:37553,OMIM:613980,OMIM:609622						
KCNK18	3	autosomal dominant	MIGRAINE, WITH OR WITHOUT AURA, SUSCEPTIBILITY TO, 13; OMIM:613656						
KCNQ2	3	MONOALLELIC, autosomal or pseudoautosomal, NOT imprinted	Myokymia, 121200 ORPHA:178469,ORPHA:1949,OMIM:613720,OMIM:121200,ORPHA:439218,ORPHA:306	patients become seizure free after a few years					
L1CAM	3	X-LINKED: hemizygous mutation in males, biallelic mutations in females	CRASH syndrome, OMIM:303350;MASA syndrome, OMIM:303350;Hydrocephalus due to aqueductal stenosis, OMIM:307000;Hydrocephalus with congential idiopathic intestinal pseudoobstruction, OMIM:307000;Hydrocephalus with Hirschsprung disease, OMIM:307000 ORPHA:306617,OMIM:304100,ORPHA:2466,OMIM:307000,OMIM:303350,ORPHA:1497,ORPHA:2182						
LAMA2	3	BIALLELIC, autosomal or pseudoautosomal	Muscular dystrophy, congenital merosin-deficient, 607855Muscular dystrophy, congenital, due to partial LAMA2 deficiency, 607855;CONGENITAL MUSCULAR DYSTROPHY ORPHA:258,OMIM:618138,OMIM:607855	mainly muscular dystrophy, maybe some treatable neurological phenotype					
LAMP2	3	X-LINKED: hemizygous mutation in males, monoallelic mutations in females may cause disease (may be less severe, later onset than males)	Danon disease, 300257;DANON DISEASE (DAND) ORPHA:34587,OMIM:300257	mainly extraneuronal and no treatble neurological phenotype					
LDB3	3	autosomal dominant	OMIM:601493,ORPHA:154,ORPHA:98912,OMIM:609452	no treatable neurological phenotype					
LIG3	3	BIALLELIC, autosomal or pseudoautosomal	gut dysmotility;spasticity;ataxia;repetitive behaviours;neurogenic bladder;macular degeneration;leukoencephalopathy;cerebellar atrophy;mitochondrial DNA depletion ORPHA:298,OMIM:619780	multisystemic					
LIPA	3	autsomal recessive	OMIM:278000,ORPHA:75233,ORPHA:75234	not neurological					
LTBP2	3	autosomal recessive	OMIM:614819,ORPHA:3449,ORPHA:98976,OMIM:251750,OMIM:613086,OMIM:600975	no treatable neurological phenotype					
MACF1	3	MONOALLELIC, autosomal or pseudoautosomal, imprinted status unknown	Lissencephaly 9 with complex brainstem malformation, 618325	congenital					
MAPT	3	MONOALLELIC, autosomal or pseudoautosomal, NOT imprinted	Supranuclear palsy, progressive OMIM:172700,OMIM:601104,ORPHA:275864,ORPHA:240085,ORPHA:240071,ORPHA:240103,ORPHA:100070,ORPHA:240094,ORPHA:240112,ORPHA:100069,OMIM:168600,OMIM:260540,OMIM:600274						
METTL23	3	autosomal recessive	Mental retardation, autosomal recessive 44 ORPHA:88616,OMIM:615942	phenotype not severe enough					
MLPH	3		OMIM:609227,ORPHA:79478	no neurological abnormalities					
MMACHC	3	BIALLELIC, autosomal or pseudoautosomal	Ataxia and hypogonadism;Methylmalonic aciduria and homocystinuria, cblC type, ORPHA:79282,OMIM:277400	systemic pathology					
MMP14	3		OMIM:277950,ORPHA:371428 Multicentric osteolysis-nodulosis-arthropathy spectrum	not neurological					
MMUT	3	BIALLELIC, autosomal or pseudoautosomal	"Methylmalonic aciduria, mut(0) type	ORPHA:289916,ORPHA:79312,OMIM:251000"						
MOG	3	MONOALLELIC, autosomal or pseudoautosomal, NOT imprinted	Narcolepsy 7,OMIM:614250,ORPHA:2073	multisystemic					
MPLKIP	3	BIALLELIC, autosomal or pseudoautosomal	Trichothiodystrophy, nonphotosensitive OMIM:234050,ORPHA:33364	slowly progressive					
MRPS16	3	BIALLELIC, autosomal or pseudoautosomal	Combined oxidative phosphorylation deficiency 2;Mitochondrial Leukoencephalopathy;General Leukodystrophy & Mitochondrial Leukoencephalopathy OMIM:610498						
MYOT	3		ORPHA:98911,OMIM:609200,ORPHA:266,OMIM:182920	muscular disorder					
MYT1L	3	autosomal dominant	Intellectual developmental disorder, autosomal dominant 39 ORPHA:178469,OMIM:616521,ORPHA:528084	phenotype not severe enough					
NBN	3	autosomal recessive	Nijmegen breakage syndrome ORPHA:647,ORPHA:145,OMIM:609135,OMIM:613065,OMIM:251260						
NDUFA10	3	BIALLELIC, autosomal or pseudoautosomal	"Leigh syndrome	256000 ORPHA:255241,OMIM:618243"						
NDUFAF1	3	BIALLELIC, autosomal or pseudoautosomal	Mitochondrial Leukoencephalopathy ORPHA:2609,OMIM:618234	systemic disorder					
NOP56_GGCCTG	3	MONOALLELIC, autosomal or pseudoautosomal, NOT imprinted	Spinocerebellar ataxia 36, OMIM:614153						
NOTCH3	3	MONOALLELIC, autosomal or pseudoautosomal, NOT imprinted	Dementia  ORPHA:2789,OMIM:125310,ORPHA:136,ORPHA:2591,OMIM:130720,OMIM:615293						
OCRL	3	X-LINKED: hemizygous mutation in males, biallelic mutations in females	Lowe syndrome, 309000Dent disease 2, 300555;LOWE OCULOCEREBRORENAL SYNDROME (OCRL) OMIM:300555,OMIM:309000,ORPHA:534	questionable treatable neurological phenotype					
OPHN1	3	X-LINKED: hemizygous mutation in males, biallelic mutations in females	Mental retardation, X-linked, with cerebellar hypoplasia and distinctive facial appearance;XLMR with Cerebellar Hypoplasia and Distinctive Facial Appearance;Mental retardation, X-linked, with cerebellar hypoplasia and distinctive facial appearance, OMIM:300486,ORPHA:137831	phenotype might not be severe enough, progressive?					
PAH	3	autosomal recessive	Phenylketonuria OMIM:261600,ORPHA:2209,ORPHA:79254	treatment available					
PAX7	3	autosomal recessive	Myopathy, congenital, progressive, with scoliosis OMIM:618578,OMIM:268220	muscular disease					
PCCA	3	BIALLELIC, autosomal or pseudoautosomal	"Propionicacidemia	606054"	systemic					
PCCB	3	BIALLELIC, autosomal or pseudoautosomal	"Propionicacidemia	606054"	systemic					
PDE10A	3	BIALLELIC, autosomal or pseudoautosomal	Dyskinesia, limb and orofacial, infantile-onset 616921;Striatal degeneration, autosomal dominant 616922 ORPHA:494541,OMIM:616922,OMIM:616921,ORPHA:494526	nonprogressive					
PDGFRB	3	MONOALLELIC, autosomal or pseudoautosomal, imprinted status unknown	Basal ganglia calcification idiopathic 4, 615007;Calcifications in basal ganglia;Fahr syndrome OMIM:228550,OMIM:601812,OMIM:615007,ORPHA:2591,ORPHA:1980,OMIM:213600,OMIM:616592,OMIM:131440						
PEX11B	3	BIALLELIC, autosomal or pseudoautosomal	Peroxisome biogenesis disorder 14B, 614920;Intellectual disability ORPHA:912,OMIM:614920,ORPHA:772,ORPHA:44	no treatable neurological phenotype					
PEX19	3	BIALLELIC, autosomal or pseudoautosomal	"Peroxisome biogenesis disorder 12A (Zellweger)	ORPHA:912,OMIM:614886,ORPHA:772,ORPHA:44"	death within 1-2 years					
PNKD	3	MONOALLELIC, autosomal or pseudoautosomal, NOT imprinted	Familial Paroxysmal Nonkinesigenic Dyskinesia;Paroxysmal nonkinesigenic dyskinesia, OMIM:118800,ORPHA:98810	non-progressive					
PNPLA2	3	autosomal recessive	OMIM:610717,ORPHA:565612,ORPHA:98908	myopathy					
POLG2	3	BOTH monoallelic and biallelic, autosomal or pseudoautosomal	"Progressive external ophthalmoplegia with mitochondrial DNA deletions, autosomal dominant 4	OMIM:610131,ORPHA:254892,OMIM:619425,OMIM:618528"						
POMGNT1	3	BIALLELIC, autosomal or pseudoautosomal	Congenital Muscular Dystrophy, alpha-dystroglycan related;Muscular dystrophy-dystroglycanopathy (congenital with brain and eye anomalies), type ORPHA:899,OMIM:613157,OMIM:617123,OMIM:613151,OMIM:253280,ORPHA:791,ORPHA:588,ORPHA:370959						
POMGNT2	3	BIALLELIC, autosomal or pseudoautosomal	Muscular dystrophy-dystroglycanopathy (congenital with brain and eye anomalies type ORPHA:899,OMIM:618135,OMIM:614830						
POMT1	3	BIALLELIC, autosomal or pseudoautosomal	Muscular dystrophy-dystroglycanopathy (congenital with brain and eye anomalies), type A, 1  OMIM:613155,OMIM:236670,ORPHA:370968,ORPHA:899,ORPHA:588,ORPHA:370980,OMIM:609308,ORPHA:370959,ORPHA:86812						
POMT2	3	BIALLELIC, autosomal or pseudoautosomal	Muscular dystrophy-dystroglycanopathy (congenital with brain and eye anomalies), type OMIM:236670,OMIM:613150,ORPHA:370968,ORPHA:899,ORPHA:588,ORPHA:206559,OMIM:613158,OMIM:613156,ORPHA:370959						
PPP2R2B_CAG	3	MONOALLELIC, autosomal or pseudoautosomal, NOT imprinted	Spinocerebellar ataxia 12, OMIM:604326						
PTF1A	3	BIALLELIC, autosomal or pseudoautosomal	Pancreatic and cerebellar agenesis,  609069   OMIM:615935,ORPHA:65288,OMIM:609069						
PTS	3	BIALLELIC, autosomal or pseudoautosomal	Hyperphenylalaninemia, BH4-deficient, A, 261640;6-Pyruvoyltetrahydropterin Synthase Deficiency;6-Pyruvoyl-tetrahydropterin synthase deficiency OMIM:261640,ORPHA:13	matching phenotype and progressive, has teatment: Treatment with BH4 is effective					
RAB27A	3	autosomal recessive	OMIM:607624,ORPHA:79477	multiorgan failure					
RAI1	3	MONOALLELIC, autosomal or pseudoautosomal, NOT imprinted	Immunodeficiency 9, 612782;SMITH-MAGENIS SYNDROME (SMS) OMIM:182290,ORPHA:477817,ORPHA:819,ORPHA:1713	no treatable neurological phenotype					
RECQL3	3	BIALLELIC, autosomal or pseudoautosomal	Bloom syndrome, 210900;BLOOM SYNDROME	neurological phenotype too mild, not treatable					
RELN	3	BIALLELIC, autosomal or pseudoautosomal	Lissencephaly 2, OMIM:616436,OMIM:257320,ORPHA:101046,ORPHA:89844,OMIM:600512						
RFC1	3	autosomal recessive	Cerebellar ataxia, neuropathy, and vestibular areflexia syndrome OMIM:614575,ORPHA:504476	slowly progressive, repeat expansion, not yet part of DCRT treatment options					
RIT1	3	autosomal dominant	Noonan syndrome 8 ORPHA:648,OMIM:615355						
ROBO3	3	BIALLELIC, autosomal or pseudoautosomal	" Gaze palsy, familial horizontal, with progressive scoliosis, 1	OMIM:607313,ORPHA:2744"						
RPS6KA3	3	X-linked dominant	Coffin-Lowry syndrome ORPHA:777,OMIM:300844,ORPHA:192,ORPHA:276630,OMIM:303600						
RRM2B	3	BIALLELIC, autosomal or pseudoautosomal	"Mitochondrial DNA depletion syndrome 8A (encephalomyopathic type with renal tubulopathy)	612075;Mitochondrial DNA depletion syndrome 8B (MNGIE type)	OMIM:268315,ORPHA:298,OMIM:612075,ORPHA:480,ORPHA:329336,ORPHA:254892,OMIM:613077"	systemic					
SAR1B	3	BIALLELIC, autosomal or pseudoautosomal	"	Chylomicron retention disease	ORPHA:71,OMIM:246700"	systemic					
SARS2	3	BIALLELIC, autosomal or pseudoautosomal	Hyperuricemia, pulmonary hypertension, renal failure, and alkalosis 613845;Progressive Spastic Paresis	systemic					
SCO1	3	BIALLELIC, autosomal or pseudoautosomal	Mitochondrial complex IV deficiency, nuclear type 4, OMIM:619048	systemic					
SCO2	3	BIALLELIC, autosomal or pseudoautosomal	"Cardioencephalomyopathy, fatal infantile, due to cytochrome c oxidase deficiency 1	ORPHA:521411,OMIM:604377,ORPHA:70474,OMIM:608908"	systemic					
SCP2	3	BIALLELIC, autosomal or pseudoautosomal	"Leukoencephalopathy with dystonia and motor neuropathy	613724"	no treatable neurological phenotype					
SCYL1	3	autosomal recessive	Spinocerebellar ataxia, autosomal recessive 21 OMIM:616719,ORPHA:466794	extraneuronal phenotype					
SDHA	3	BIALLELIC, autosomal or pseudoautosomal	Mitochondrial respiratory chain complex II deficiency, OMIM:619259,ORPHA:44890,OMIM:252011,ORPHA:255241,ORPHA:154,OMIM:614165,ORPHA:29072,ORPHA:3208,OMIM:613642						
SEC24D	3	autosomal recessive	Cole-Carpenter syndrome 2 OMIM:616294,ORPHA:2050	systemic					
SELENON	3	autosomal dominant and autosomal recessive	OMIM:255310,ORPHA:324604,ORPHA:2020,ORPHA:97244,OMIM:602771	mainly extraneuronal, mild neuronal phenotype					
SETD5	3	autosomal dominant	Intellectual developmental disorder, autosomal dominant 23 OMIM:615761,ORPHA:404440	phenotype not severe enough					
SLC22A5	3	autosomal recessive	Carnitine deficiency, systemic primary ORPHA:158,OMIM:212140						
SLC25A20	3	autosomal recessive	Carnitine-acylcarnitine translocase deficiency ORPHA:159,OMIM:212138						
SLC25A4	3	BOTH monoallelic and biallelic, autosomal or pseudoautosomal	"Mitochondrial DNA depletion syndrome 12A (cardiomyopathic type) AD	617184;Mitochondrial DNA depletion syndrome 12B (cardiomyopathic type) AR 615418;Progressive external ophthalmoplegia with mitochondrial DNA deletions, autosomal dominant 2 609283 OMIM:617184,OMIM:615418,ORPHA:254892,ORPHA:1369,OMIM:609283"	systemic phenotype					
SLC46A1	3	BIALLELIC, autosomal or pseudoautosomal	HEREDITARY FOLATE MALABSORPTION (HFM) ORPHA:90045,OMIM:229050	treatment with folate replacement therapy can avoid neurologic sequelae					
SLC6A5	3	BOTH monoallelic and biallelic, autosomal or pseudoautosomal	Hyperekplexia 3, ORPHA:3197,OMIM:614618						
SMARCA4	3	autosomal dominant	Coffin-Siris syndrome 4 OMIM:614609,OMIM:613325,ORPHA:1465						
SMARCB1	3	autosomal dominant	Coffin-Siris syndrome 3 OMIM:162091,OMIM:614608,ORPHA:2495,ORPHA:1465,OMIM:609322,ORPHA:99966	congenital heart defects, progressive phenotype?					
SMARCE1	3	autosomal dominant	Coffin-Siris syndrome 5 ORPHA:2495,OMIM:607174,ORPHA:1465,OMIM:616938	congenital heart defects, progressive phenotype?					
SOD1	3	BOTH monoallelic and biallelic, autosomal or pseudoautosomal	Amyotrophic lateral sclerosis 1, OMIM:105400, Spastic tetraplegia and axial hypotonia, progressive ORPHA:803,OMIM:105400,OMIM:618598	ASOs already in development					
SOS2	3	autosomal dominant	Noonan syndrome 9 ORPHA:648,OMIM:616559						
SPECC1L	3	autosomal dominant	Teebi hypertelorism syndrome 1, Opitz GBBB syndrome, type II OMIM:145420,ORPHA:1519,OMIM:600251						
SRCAP	3	autosomal dominant	Developmental delay, hypotonia, musculoskeletal defects, and behavioral abnormalities ORPHA:2044,ORPHA:528084,OMIM:136140,OMIM:619595	phenotype not severe enough					
SSBP1	3	autsomal dominant	Optic atrophy 13 with retinal and foveal abnormalities						
SYNE4	3	autosomal recessive	Deafness, autosomal recessive 76						
TANGO2	3	autosomal recessive	Metabolic encephalomyopathic crises, recurrent, with rhabdomyolysis, cardiac arrhythmias, and neurodegeneration ORPHA:480864,OMIM:616878	progressive neurological disease but extraneuronal phenotype					
TBP_CAG	3	MONOALLELIC, autosomal or pseudoautosomal, NOT imprinted	Spinocerebellar ataxia 17, OMIM:607136;{Parkinson disease, susceptibility to}, OMIM:168600						
TERT	3	BIALLELIC, autosomal or pseudoautosomal	dyskeratosis congenita-2						
TINF2	3	MONOALLELIC, autosomal or pseudoautosomal, NOT imprinted	Revesz syndrome, 268130, Dyskeratosis congenita, autosomal dominant 3  OMIM:613990,OMIM:268130,ORPHA:3322,ORPHA:1775,OMIM:127550	bone marrow failure					
TKT	3	autosomal recessive	Short stature, developmental delay, and congenital heart defects OMIM:617044,ORPHA:488618						
TMEM251	3	autosomal recessive	Dysostosis multiplex, Ain-Naz type						
TMEM5	3	BIALLELIC, autosomal or pseudoautosomal	Muscular dystrophy-dystroglycanopathy (congenital with brain and eye anomalies), type						
TRAIP	3	autosomal recessive	Seckel syndrome 9 ORPHA:808,OMIM:616777						
TRIM32	3	autosomal recessive	OMIM:615988,OMIM:254110,ORPHA:110,ORPHA:1878	no treatable neurological phenotype					
TRIM37	3	autosomal recessive	ORPHA:2576,OMIM:253250	no treatable neurological phenotype					
TRIP4	3	BIALLELIC, autosomal or pseudoautosomal	Spinal muscular atrophy with congenital bone fractures 1, OMIM:616866;Prenatal-onset spinal muscular atrophy with congenital bone fractures, MONDO:0000209;Spinal muscular atrophy with congenital bone fractures 1, MONDO:0014806 ORPHA:486815,OMIM:617066,OMIM:616866						
TRPV4	3	MONOALLELIC, autosomal or pseudoautosomal, imprinted status unknown	Distal Congenital Nonprogressive Spinal Muscular Atrophy;Brachyolmia type 3, OMIM:113500 OMIM:168400,OMIM:606071,ORPHA:86820,OMIM:184252,ORPHA:1216,OMIM:181405,ORPHA:85169,OMIM:606835,OMIM:184095,OMIM:600175,ORPHA:2635,OMIM:113500,ORPHA:93314,OMIM:617383,OMIM:156530,ORPHA:93304	can be slowly progressive SMA					
TTPA	3	BIALLELIC, autosomal or pseudoautosomal	Ataxia with Vitamin E Deficiency ;Ataxia with isolated vitamin E deficiency  ORPHA:96,OMIM:277460	progressive?					
TUBA1A	3	MONOALLELIC, autosomal or pseudoautosomal, NOT imprinted	Lissencephaly 3 ORPHA:994,OMIM:611603	congenital					
TUBB2B	3	MONOALLELIC, autosomal or pseudoautosomal, NOT imprinted	complex cortical dysplasia with other brain malformations-7 , OMIM:610031,ORPHA:300573,ORPHA:1766	congenital					
TYMP	3	BIALLELIC, autosomal or pseudoautosomal	Mitochondrial Leukoencephalopathy;Mitochondrial DNA depletion syndrome 1 (MNGIE type) ORPHA:298,OMIM:603041						
UBA1	3	X-LINKED: hemizygous mutation in males, monoallelic mutations in females may cause disease (may be less severe, later onset than males)	Spinal muscular atrophy, X-linked 2, infantile, OMIM:301830,ORPHA:1145,OMIM:301054						
UFM1	3	autosomal recessive	Leukodystrophy, hypomyelinating, 14 OMIM:617899	most patients die in first year of life					
USP18	3	BIALLELIC, autosomal or pseudoautosomal	pseudo-TORCH syndrome OMIM:617397	congenital?					
VLDLR	3	BIALLELIC, autosomal or pseudoautosomal	Cerebellar hypoplasia and mental retardation with or without quadrupedal locomotion 1, 224050;Cerebellar Hypoplasia OMIM:224050,ORPHA:1766	non-progressive					
VPS33A	3	autosomal recessive	OMIM:617303,ORPHA:505248	most patients die in first year of life, severe, systemic					
WDFY3	3	MONOALLELIC, autosomal or pseudoautosomal, NOT imprinted	Microcephaly 18, primary, autosomal dominant, OMIM:617520,ORPHA:528084	phenotype too mild, no measurable treatment effects					
WDR4	3	autosomal recessive	GALLOWAY-MOWAT SYNDROME 6; GAMOS6 ORPHA:2065,OMIM:618347,OMIM:618346						
WFS1	3	BIALLELIC, autosomal or pseudoautosomal	Wolfram syndrome 1, OMIM:125853,ORPHA:411590,ORPHA:3463,OMIM:600965,OMIM:222300,OMIM:116400,OMIM:614296						
XK	3	X-LINKED: hemizygous mutation in males, biallelic mutations in females	McLeod syndrome with or without chronic granulomatous disease,OMIM:300842						
ABCC6	?	autosomal recessive and autosomal dominant	ORPHA:758,OMIM:177850,OMIM:614473,ORPHA:51608,OMIM:264800	macular degeneration --> can this be treated with ASOs?					
ACACA	?	autosomal recessive	"	Acetyl-CoA carboxylase deficiency"	severe brain damage					
ACAT2	?		?ACAT2 deficiency OMIM:614055	neurological phenotype 					
ACVR2B	?		"	Heterotaxy, visceral, 4, autosomal"						
ACY3	?								
ADAMTS9	?	autosomal recessive	Juvenile nephronophthisis						
AGAP1	?	MONOALLELIC, autosomal or pseudoautosomal, NOT imprinted	Cerebral palsy,  Autism and Brain Small Vessel Disease 1	not enough info present					
AGMO	?	BIALLELIC, autosomal or pseudoautosomal	microcephaly;intellectual disability;epilepsy;developmental delay						
AGO1	?	MONOALLELIC, autosomal or pseudoautosomal, imprinted status unknown	Generalized hypotonia;Global developmental delay;Intellectual disability;Autism						
AGTR2	?	x-linked	X-linked non-syndromic intellectual disability ORPHA:777	phenotypic information?					
AHNAK	?								
AKAP6	?								
ALG10	?								
AMBRA1	?								
AMER2	?								
AMZ2	?								
ANAPC2	?								
ANK2	?	MONOALLELIC, autosomal or pseudoautosomal, NOT imprinted	Complex neurodevelopmental disorder, MONDO:0100038						
ANKHD1	?								
ANKS1B	?								
AP2S1	?	MONOALLELIC, autosomal or pseudoautosomal, NOT imprinted	Developmental disorder	no information on the developmental disorder					
MT-ATP6	?	MITOCHONDRIAL	Neuropathy, Ataxia, and Retinitis Pigmentosa ORPHA:225154,ORPHA:255210,OMIM:551500,ORPHA:644,ORPHA:320360,OMIM:535000,ORPHA:104						
MT-ATP8	?	MITOCHONDRIAL	ORPHA:480						
MT-CO1	?	MITOCHONDRIAL	OMIM:540000,ORPHA:550,ORPHA:99845,ORPHA:104						
MT-CO2	?	MITOCHONDRIAL	OMIM:540000,ORPHA:550						
MT-CO3	?	MITOCHONDRIAL	OMIM:540000,ORPHA:550,ORPHA:99845,OMIM:535000,ORPHA:104						
MT-CYB	?	MITOCHONDRIAL	OMIM:540000,ORPHA:137675,OMIM:535000,ORPHA:104						
MT-ND1	?	MITOCHONDRIAL	ORPHA:2609,ORPHA:255210,OMIM:540000,ORPHA:550,OMIM:535000,ORPHA:104						
MT-ND2	?	MITOCHONDRIAL	ORPHA:2609,ORPHA:255210,OMIM:535000,ORPHA:104						
MT-ND3	?	MITOCHONDRIAL	ORPHA:2609,ORPHA:255210						
MT-ND4	?	MITOCHONDRIAL	ORPHA:255210,ORPHA:550,OMIM:535000,ORPHA:104						
MT-ND4L	?	MITOCHONDRIAL	OMIM:535000,ORPHA:104						
MT-ND5	?	MITOCHONDRIAL	ORPHA:255210,ORPHA:551,OMIM:540000,ORPHA:550,OMIM:535000,ORPHA:104						
MT-ND6	?	MITOCHONDRIAL	ORPHA:255210,OMIM:540000,ORPHA:550,OMIM:535000,ORPHA:104						
MT-RNR1	?	MITOCHONDRIAL	ORPHA:551						
MT-TC	?	MITOCHONDRIAL	OMIM:540000						
MT-TE	?	MITOCHONDRIAL	ORPHA:2596,ORPHA:254864,ORPHA:225						
MT-TF	?	MITOCHONDRIAL	ORPHA:551,OMIM:540000,ORPHA:550,OMIM:545000						
MT-TH	?	MITOCHONDRIAL	ORPHA:551,ORPHA:550						
MT-TI	?	MITOCHONDRIAL	OMIM:545000						
MT-TK	?	MITOCHONDRIAL	ORPHA:255210,ORPHA:551,OMIM:540000,OMIM:545000,ORPHA:225,ORPHA:1349						
MT-TL1	?	MITOCHONDRIAL	ORPHA:255210,ORPHA:551,OMIM:540000,ORPHA:480,ORPHA:663,ORPHA:550,OMIM:545000,ORPHA:225						
MT-TL2	?	MITOCHONDRIAL	ORPHA:663						
MT-TN	?	MITOCHONDRIAL	OMIM:220110,ORPHA:663						
MT-TP	?	MITOCHONDRIAL	ORPHA:551,OMIM:545000						
MT-TQ	?	MITOCHONDRIAL	ORPHA:551,OMIM:540000,ORPHA:550						
MT-TS1	?	MITOCHONDRIAL	OMIM:220110,ORPHA:2202,ORPHA:551,OMIM:540000,ORPHA:663,OMIM:580000,ORPHA:550						
MT-TS2	?	MITOCHONDRIAL	ORPHA:551,OMIM:540000,ORPHA:550,ORPHA:231183						
MT-TT	?	MITOCHONDRIAL	OMIM:551000,ORPHA:254857,OMIM:168600						
MT-TV	?	MITOCHONDRIAL	ORPHA:255210,OMIM:540000						
MT-TW	?	MITOCHONDRIAL	ORPHA:255210,OMIM:540000,ORPHA:550						
A2ML1	x								
A4GALT	x								
AACS	x								
ABCA13	x								
ABHD6	x								
ABI2	x								
ACACB	x								
ACBD6	x								
ACHE	x								
ACSM5	x								
ADAM28	x								
ADAM33	x								
ADD1	x								
ADGRB3	x								
ADGRL2	x								
ADIPOR1	x								
AGAP2	x								
AGBL2	x								
AGBL3	x								
AGO3	x								
AGO4	x								
AP3S2	x								
APBA2	x								
APOO	x								
APPL2	x								
AQP10	x								
AQP4	x								
AREL1	x								
ARFGEF3	x								
ARHGAP15	x								
ARHGAP21	x								
ARHGAP32	x								
ARHGAP33	x								
ARIH1	x								
ARVCF	x		ORPHA:567						
ASCC3	x	BIALLELIC, autosomal or pseudoautosomal	AUTOSOMAL RECESSIVE MENTAL RETARDATION						
ASH2L	x								
ASTN1	x	BIALLELIC, autosomal or pseudoautosomal	Intellectual disability						
ASTN2	x								
ATF7IP	x								
ATP10A	x		ORPHA:411515	Angelman syndrome					
ATP10D	x								
ATP13A1	x								
ATP13A3	x		OMIM:265400						
ATP1B1	x	autosomal recessive	Rotor syndrome	no neurological syptoms					
ATP2C2	x								
ATP6	x		mitochondrial DNA	mt-DNA					
ATP6V0C	x	MONOALLELIC, autosomal or pseudoautosomal, NOT imprinted	Epilepsy;Intellectual Disability;microcephaly						
ATRN	x								
ATXN2L	x	MONOALLELIC, autosomal or pseudoautosomal, NOT imprinted	Intellectual disability;Macrocephaly	repeat expansion disorder					
AXL	x		OMIM:146110						
BAZ1A	x								
BAZ2B	x								
BCL7B	x		ORPHA:904 Williams syndrome	CNV					
BDH1	x								
BET1	x								
BLOC1S1	x								
BOD1	x								
BPIFB6	x								
BRD3	x								
BRWD1	x								
BSN	x								
BTF3	x			no treatable phenotype					
BTN1A1	x								
BTN2A2	x								
BTN3A2	x								
C16orf90	x								
C22orf31	x								
C2orf42	x								
CABP7	x								
CACNA2D3	x								
CACNG7	x								
CADPS	x								
CADPS2	x								
CAMK1D	x								
CAPG	x								
CAPN12	x								
CAPN9	x								
CAPS	x								
CAPS2	x								
CARNMT1	x								
CASP2	x								
CBX4	x								
CCAR2	x								
CCDC186	x	BIALLELIC, autosomal or pseudoautosomal	failure to thrive and developmental delay						
